description,id,name
Buy and Earn with your miles on participating stores,okembgocccnjoiaafmdedmhodcoalbgg,Rewardsweb
View huntr.dev bounty rewards on GitHub as you browse code repositories.,ihdekgmfeedkkhobjdpjgkkjlgcdpkdd,huntr.dev GitHub Extension
Replace all human words with akkaridion ones,plgghjnmdnpnpfklngokankcnlnddmlm,Akkakara D
The statistics of any Medium author. Enter Medium author's page and click a button to see their detailed statistics!,ahepaemleacieeongldddhambknoomof,Medium Any Author Stats
A sleek and minimalist 24-hour clock New Tab extension that embraces simplicity and elegance.,dciledolohokdhapbnofnooakleikkgn,Minimalist 24h clock
"tuBee is a new YouTube video booster tool, to support YouTuber's to improve their YouTube channel visibility, audience,â€¦",mpgcppooiieehfembbnljmjdhdnonjdc,tuBee
This extension will help you to analyze an URL using SEO Review Tools,bkdokaekjhpdpijbmonddjijineidbcj,SEO Review Tools for Chrome!
transparent icon app,cegfcjacenblhfllmbeiokdglinlikmg,'
Set up a quick and easy launch of Flash-based games.,idalinkinmdgcofhpbfklbdkfadfapki,Quick launch of Flash-based games
Block channels and keywords on YouTube and limit their allowed watch time,dljpdencpenokgdjiemdejjiohjoopaj,Smart YouTube Blocker (Beta)
A decentralised like button.,cgpmaldjmbpieenobjmjpokdjfihhple,LikeButton.eth
Quell that social media addiction!,ebgiibecpoinaeojckahjoleccmkpkpo,Quell
ĞĞ²Ñ‚Ğ¾Ñ€ÑĞºĞ¸Ğµ ÑÑ‚Ğ¸ĞºĞµÑ€Ñ‹ Ğ¸Ğ³Ñ€Ñ‹ Ğ‘ĞµÑĞºĞ¾Ğ½ĞµÑ‡Ğ½Ğ¾Ğµ Ğ›ĞµÑ‚Ğ¾ Ğ´Ğ»Ñ vk.com,aoaagafllhniocophalnomgfmolofkko,ĞĞ²Ñ‚Ğ¾Ñ€ÑĞºĞ¸Ğµ ÑÑ‚Ğ¸ĞºĞµÑ€Ñ‹ Ğ‘ĞµÑĞºĞ¾Ğ½ĞµÑ‡Ğ½Ğ¾Ğµ Ğ›ĞµÑ‚Ğ¾
Simplifies the Prismic interface and adds useful features,fkgbihdffeadajmibmljcdocfdhkilin,Refined Prismic
"If you like this theme, will rate it, please. Website: https://gctheme.store/",bdefjeindoegdjggbnakbbniplbmnfgn,Beautiful berries
Quick launch Carl Data Solutions Social Pages,pgadildnobbnnjnmbgedhfjgphanfdci,Carl-Links
Viajar al Sudeste AsiÃ¡tico,fdicmgifehabeofongleoafeocneeofk,La Mochila Trotamundos
Cele mai tari cadouri in magazinele online,ambmnbemkjfccmdnkehamiiphkcnolin,Top Cadouri
"Get All Your Tasks, Docs, Conversations, Goals, Reminders & More In One Place. Try Now! Experience The Future Of Work With Ourâ€¦",ealnnfomijjfklmkpbpccnibceijheco,ClickUp - Unicorn Blast Off
Google chrome theme with Black Wood background image. The theme is presented in black colors. The size is 1920x1080.,jmnfpdmoaohomignpocillhlhlnmlcoh,Black Wood Browser Theme
Indicates use of common reset style sheets.,lnekfhlkfibaamhifbfmcobiglhcbmbl,Reset Style Sheet Highlighter
KickAssAnime Extension,cheknlbiacfddgakdfdlioemnhlolaah,KAA Menhera
Super Goalkeeper,kmgcflahhmikkbbfbbkchhchhmogadgp,Super Goalkeeper
Valorant Video Wallpaper Theme,gokdopjgopnkdginfdjhpbakchalalfp,Valorant Theme - New Tab Video Wallpaper
This extension fix 'HTTP 200 Error' at Cybozu Office 10.0~10.5,knlapmbencncfcccjlhdfakmhhcceclp,Cybozu Office 10 Fix
Sick of Donald J. Trump? Learn more about his bumbling twin Donald T. Rump,odhncbakhagnhobhofmgkiiccnfkilga,Donald T. Rump
Select. Translate. With Wordreference!,jjbabalpgmamghijhepnkdimbpomefbo,Wordie!
This version has no bug that the first version is used to have.,ohlnihhmolknmckddkoelphiidkmmfgn,My 1st Game(2)
DÃ©couvrez ce que votre nom dis de vous.,cjgfmklejabeamdiiajncpbjamomfijj,My name is
Makes simple and fast terminal from original btc-e homepage,jlfdbhddibhoilgnobkdcefhlkghhkmn,btc-e terminator
Gives user the ability to add their own name before writing in a conversation in Trengo.,adipnleeclafklhckkkejhmjjbfjfcpb,Trengo plus features
Test Dummy description,lekiccaaieaednlcodeimdpigagealmg,Dutabash Admin
"TheDroidWay is an emerging Android Blog which publishes Android tutorials , app stories, reviews and also provide support.",eggafenfldlaaefokcbdbinjhifjgoda,TheDroidWay : Modify your Android our Way
Kelley Blue Book for Craigslist allows you to quickly find the true KBB value for cars on Craigslist so you can find a good deal,fmbbdgpoheokfdcgbpaofghkgbghadod,Kelley Blue Book for Craigslist
"Accurate employee time tracking software for reporting, invoicing and payroll.",dnebklifojaaecmheejjopgjdljebpeo,"Everhour â€” Time Tracking, Budgets, Expenses"
Noppi is a great app for learning notes on a music sheet. It is also possible to answer by trombone slide position.,igpkebkjfcfabiiihjbgdfogjnefppgk,Noppi - note practice program for instruments
Live Chat Software and Realtime Monitoring for your business Website,bchhjepkikaihooilkemolehoedjfegg?hl=en,VISITLEAD LiveChat & Monitoring
The extension allows you to view and download picture to video on Yotube,gfingjfibffjbaiijobconojlccaglgl?hl=en,Picture for YouTube Video (download)
Summarize data using NLP!,enhdheckemjjbjicidanjhdmomgokfkk?hl=en,Summarize it
Awesome theme for Atavi.com,flmlipkhpkinhhkhcfnkgeibnilcpcdj?hl=en,Girl
Äˆi tio estas neoficiala aldonaÄµo de PIV.,kfnageeffnimnlohcgpnplfdgdnmolpo?hl=en,Plena Vortaro
The Symbo Chrome extension allows you to interact with your CRM tool to engage with your prospects.,hookccjgaonnibdoefdklppngchccgif?hl=en,Symbo - Sales Engagement Platform
Convert WMA audio file to WAV,hnpoddgigidolgmakoikejeldkbcifbd?hl=en,WMA to WAV Converter
"If you like this theme, will rate it, please.",knfmndlnpdlaegnokpjbpefhlmphjedb?hl=en,Texture
Create a specialized PayPal donate button for your website to start your fundraising and accepting donations online,mnglcpclfkkkigjlopahjmelchfflnlo?hl=en,Donate Button Generator
HackMD browser integration extension,cnephjboabhkldgfpdokefccdofncdjh?hl=en,HackMD-it
Use this extension to control your Pi-hole easily!,lohlpbknpcngpjifmofkidennikljlfi?hl=en,Alanine
Use Chrome synchronization service in China.,gbkepcmpjglfonklehdgjnimebhnmlel?hl=en,Chrome Sync Helper
This app will countdown a specified amount of time then ring an alarm to notify you.,iakphbgphmonegiakcdiopgcbonjjail?hl=en,Countdown Timer...On the Go!
A Blue Misty theme,chgkbmdcobedhknnajfbimomnhndjfaa?hl=en,Blue Mist
A new way to watch youtube without influence.,daikaflfcmhdocaellkgjacfbjacodmk?hl=en,Parallel Youtube
Awesome theme for Atavi.com,ocoaeokgepmjcmhbpngpmpdbeapahdhj?hl=en,Party
Right click some text and Blur!,noackgalnabddllokeglkohffefkoega?hl=en,Blur!
Close Left Tabs.,gdpopcppmglkiodhjobnjbogcoacgkoa?hl=en,Close Left
"Find lowest price automatically, save money and save time.",eibnedikcnkagpjfhlicgfhgkjadeoph?hl=en,"Leaptons: Shopping Price Compare, Best Deals"
Change the current navigation bar,gdjbelbckgeagibabjiklppbogphfgaa?hl=en,dynaBar D365FO
"Celebrate the holiday season with the custom Google Maps Santa Tracker chrome theme. 

Santa's developer elves have created thisâ€¦",cgmkeoaheilhpfachlmmonhnapbjaijf?hl=en,Google Santa Tracker 2012 Theme
A fun idle clicker game about a simple guy willing to become a Custom Cursor hero Cursor-Man and his entertaining adventures.,felflkndljbjehhgadcfmijcoamhhngl?hl=en,Custom Cursor-Man: Hero's Rise - Idle Game
A WebSocket client for testing and debugging connections.,cbcbkhdmedgianpaifchdaddpnmgnknn?hl=en,WebSocket King Client
ğŸ· Make your GitLab experience better!,jaafoplpaafgeeclnaakkimfgajikgba?hl=en,Refined GitLab
ä¸€ç¨®ä¸Šç™®çš„è¹¦åºŠæ¯”è³½ä¸­ï¼Œä½¿ç”¨ç®­é ­éµç§»å‹•ä½ çš„æ‰‹è‡‚å’Œè…¿ï¼Œåœ¨ç©ºä¸­åšå‡ºæ¼‚äº®çš„å§¿åŠ¿ã€‚,jhmifohpcboepjemofbbghonheafdphh?hl=zh-TW,è¶…ç´šè¹¦åºŠ
ç°¡å–®æ˜“ç”¨çš„ PDF å·¥å…·ï¼Œç·¨è¼¯ã€è½‰æ›ã€åˆä½µã€æ‹†åˆ†å’Œå£“ç¸® PDF æ–‡ä»¶ã€‚,ohfgljdgelakfkefopgklcohadegdpjf?hl=zh-TW,Smallpdf - ç·¨è¼¯ã€å£“ç¸®å’Œè½‰æ› PDF æª”æ¡ˆ
Hunter X Hunter 1920X1080,dodhjppgeogpkmhmenhhmccblphckeha?hl=zh-TW,Hunter X Hunter 1920X1080
åˆºçŒ¬ç´¢å°¼å…‹å£ç´™æ“´å±•ç¨‹åºé‡æ–°å®šç¾©äº†æ‚¨çš„Chromeæ–°æ¨™ç±¤é æˆç‚ºåˆºçŒ¬ç´¢å°¼å…‹çš„èƒŒæ™¯å£ç´™ã€‚åˆºçŒ¬ç´¢å°¼å…‹ç²‰çµ²çš„ä¸»é¡Œã€‚,phpocfibbhmengnnoalkknahgpbonmbg?hl=zh-TW,åˆºçŒ¬ç´¢å°¼å…‹å£ç´™é«˜æ¸…
Video Downloader Premium - Find downloadable videos and record live streams,mbaoeggbhlhgjplonohefdehaoohmfdn?hl=zh-TW,Video Downloader Premium
"åŒæ™‚çœ‹æ‰€æœ‰è¨è«–å®¤çš„å­¸ç”Ÿï¼Œå…¨é¢å…è²»ï¼Œè³‡æ–™ä¸å¤–æ´©ï¼Œä¸­æ–‡æ¿çš„èªªæ˜å½±ç‰‡ï¼Œ èˆ‡è°·æ­Œæ•™å®¤æ•´åˆ, æ»‘æ¡¿æ§åˆ¶, æ§åˆ¶é¢æ¿ï¼Œæš±ç¨±é€£çµ",kogfdlbehkaeoafmgaecphlnhohpabig?hl=zh-TW,Google Meet åˆ†çµ„ by èƒ¡æµ©æ´‹
Auto scrape tons of WhatsApp group links to get WhatsApp group member's phone numbers.,biihmgacgicpcofihcijpffndeehmdga?hl=zh-TW,Find WhatsApp Link - Group Invite Link
iTab çµ„ä»¶å¼åœ–æ¨™è‡ªå®šç¾©æ‚¨çš„ç€è¦½å™¨ä¸Šçš„æ¨™ç±¤é ï¼Œç²¾ç¾æ—¥æ›†ã€ç‚«é…·å¤©æ°£ã€æ¯æ—¥é ­æ¢ã€æµ·é‡å£ç´™ã€å¸¸ç”¨ç¶²å€éš¨å¿ƒè¨‚è£½,mhloojimgilafopcmlcikiidgbbnelip?hl=zh-TW,iTab New Tab(å…è´¹ChatGPT)
"Enhance your Facebook experience: custom styles, animated backgrounds, fonts, and vibrant colors!",oodajhdbojacdmkhkiafdhicifcdjoig?hl=zh-TW,Themes for Facebook
This is an Open-AI ChatGPT powerful tool (Ins : ChatGPT ä¸­æ–‡ç‰ˆ) to give you the AI magic on Pinterest for marketing promotion.,aceohhcgmceafglcfiobamlbeklffhna?hl=zh-TW,OpenAI Chat GPT For Pinterest : Chat GPT ä¸­æ–‡ç½‘
"Efficiently check, verify, and filter WhatsApp numbers with ease. validates large lists of numbers and filters out invalid ones.",meppipoogaadmolplfjchojpjdcaipgj?hl=zh-TW,WA Number Checker - wabulk.net
Thor Ragnarok 1366x768,lignphdhiigheeejehhlnpjmfciablii?hl=zh-TW,Thor Ragnarok 1366x768
"Visit the clicker counter and become a pro in mouse-clicking, build your record, and challenge your friends.",dhlahoohkgdefgjhjndbnmicflhgjnjj?hl=zh-TW,Clicker Counter
ChatGPT çš„æ–°æ¨™ç±¤ã€‚ å€‹äººå„€è¡¨æ¿çµ„ç¹”æ›¸ç±¤ã€ç¶²ç«™ï¼Œä¸¦æä¾›å¾èµ·å§‹é è¨ªå• ChatGPT çš„æ¬Šé™ã€‚,dnbcklfggddbmmnkobgedggnacjoagde?hl=zh-TW,ChatGPT é¸é …å¡ - ChatGPT çš„æ–°é¸é …å¡
å”è¨Šåœ‹éš›ERPå°ˆæ¡ˆå ±åƒ¹ç³»çµ±,abmelbhpogjkpdncdnmkkaikjhifngln?hl=zh-TW,å”è¨Šåœ‹éš›ERPå°ˆæ¡ˆå ±åƒ¹ç³»çµ±
"It's time to step outside, explore the world the way you like!
Discover the world, tailor-made for you. Have you ever struggledâ€¦",dbfcghommalhbjaonmomileejhfpgknh?hl=zh-TW,Belocal
Language Learning with YouTube,jeanmjmahboccfhjjkhlmmabngnjbmeb?hl=zh-TW,Language Learning with YouTubeâ„¢
å³éµè§£é–,mdpidadohcoecebpmkojgnkjcclfhcdp?hl=zh-TW,Enable Right Click
God Of War 1366x768,mimjoioamfialibleogdjeipaljhcojh?hl=zh-TW,God Of War 1366x768
Make all text partial,obpliicpeljaibnkodflmjdemdfiljgj?hl=zh-TW,Partial Text
Earth day Ultra HD 1280x1024,lcmhjblgfenhagcdabgbjmelheekllhm?hl=zh-TW,Earth day Ultra HD 1280x1024
Earth day Ultra HD 1600x900,djldidgomegeoglbbjdddipfkjnimgbp?hl=zh-TW,Earth day Ultra HD 1600x900
1å–®æ“Šå‰µå»ºæ–°çš„Googleæ–‡æª”ã€‚,ehheehdbnpeaedppgmcidomodlfggjkg?hl=zh-TW,1å–®æ“ŠGoogleæ–‡æª”
Re Zero 1920X1080,lokjcgbnlhhhogkkiapmefihedeombne?hl=zh-TW,Re Zero 1920X1080
Custodial wallet to rent assets without limit on LootRush,lfmmjkfllhmfmkcobchabopkcefjkoip?hl=zh-TW,LootRush Wallet
League of Legends Yasuo 1366x768,ijbdbkgpgdceideapmibdfgdjnhfdlog?hl=zh-TW,League of Legends Yasuo 1366x768
Integration powered by Voipcom Voice,achphhojihgoadjpkjenpcgkgmplmhgo?hl=zh-TW,Voipcom Voice
"ä½œå“ä»‹ç´¹ : å®¶è£¡è¹²çš„ã€Œé–é–ç¾ã€èˆ‡å¥´éš¸é«”è³ªçš„ã€Œå“¥å“¥ã€ï¼Œä¸æ–·è¢«æ²å…¥ç¥æ˜å¼•ç™¼çš„å„ç¨®ç•°å¸¸ç¾è±¡ä¸­ï¼Œä¸¦å’Œå……æ»¿å€‹æ€§çš„é‚ªç¥ä¸‰å§å¦¹ï¼Œä¸€èµ·éè‘—çœ‹ä¼¼æ—¥å¸¸çš„éæ—¥å¸¸ç”Ÿæ´»ã€‚

å»ºè­°è§£æåº¦ : 1920x1080
ç´ æä¾†è‡ªå‹•ç•«å®˜ç¶² :â€¦",fkmcihmbgpndfbnheicechpgfkkiegae?hl=zh-TW,sasamisan turugi 1920 Theme
"Http User-Agent Switcher æ“´å……æä¾›ç¶²é å¿«æ·åŠŸèƒ½è¡¨,ä»¥åŠå·¥å…·åˆ—æŒ‰éˆ•æ–¹å¼å¿«æ·åˆ‡æ› Chrome ç€è¦½å™¨çš„ Http User-Agent Stringã€‚",dalfpgoflklogpfibbjelegbgfamlhof?hl=zh-TW,Http User-Agent Switcher
åœ¨ Google ä¸­æœç´¢æ™‚ï¼Œç«‹å³åœ¨ DuckDuckGoã€Bing å’Œ Yahoo æˆ–ä»»ä½•å…¶ä»–æœç´¢å¼•æ“ä¸­ç²å¾—æœç´¢çµæœ,hcndlmemmcbjncbmbgmplmedkmbanpbo?hl=zh-TW,å…ƒæœç´¢å¼•æ“â€”â€”å‡ç´šè°·æ­Œæœç´¢
MHW Simulator Plugin,efgbjnfjkfglmcaheaojnkgcnihfmpci?hl=zh-TW,MHW Simulator Plugin
"Export IG followers, following to Excel CSV formats",nmnhoiehpdfllknopjkhjgoddkpnmfpa?hl=zh-TW,IG Exporter
æ¥µç°¡çš„ Chrome æ–°æ¨™ç±¤é æ“´å±•ï¼Œæœ›ä½ æ¯æ¬¡æ‰“é–‹éƒ½æœ‰å¥½å¿ƒæƒ…ã€‚,kbgmbmkhepchmmcnbdbclpkpegbgikjc?hl=zh-TW,ç°¡ Tab (SimpTab) - æ–°æ¨™ç±¤é 
The Witcher 3 Wild Hunt 1366x768,kbgapnpdcdehclfankhkdcmmifnhahjl?hl=zh-TW,The Witcher 3 Wild Hunt 1366x768
Charming cursor pack featuring various textures. This collection includes 10 custom cursors.,denfgcpjchhcamdnnagcghmkoencpepk?hl=zh-TW,Texture Cursors - Mouse Cursors
å°‡ä½ çš„ç…§ç‰‡å¡é€šåŒ–ã€‚ åªéœ€å°æ‚¨çš„åœ–ç‰‡æ‡‰ç”¨å¡é€šæ¿¾é¡ï¼Œæˆ‘å€‘å°±èƒ½å¹«åŠ©æ‚¨ä¸€éµç²å¾—æœ‰è¶£ä¸”æœ‰å‰µæ„çš„ç…§ç‰‡ã€‚,clpgknkjhelenkpfefcdimgedjbcbilm?hl=zh-TW,ç…§ç‰‡å¡é€šåŒ– - ç…§ç‰‡å¡é€šåŒ–è£½ä½œå·¥å…·
TikMate: Tik Tok Video Downloader to download no watermark Tik Tok videos. Tik Tok video downloader without watermark,koeahbkjibkcghgljnpelegllhjppjac?hl=zh-TW,TikMate: Tik Tok Video Downloader
League of Legends Yasuo 1366x768,egdpbiakedbmbomaelpfadiikdkkndnj?hl=zh-TW,League of Legends Yasuo 1366x768
ç¦®å„€å°ç™¾ç§‘æ¨å‡ºç¦®å„€æ›†çš„[ç¶²ä¸Šç‰ˆ]ï¼Œä¾›å„ä½åœ¨é›»è…¦ä¸Šä½¿ç”¨ã€‚,pmnneafjaalhlkddklehhnenkoginaok?hl=zh-TW,ç¦®å„€å°ç™¾ç§‘
Use cute mouse cursors via BTS BT21 Custom Cursors For Chrome. Install extensions from Chrome Web Store,hinommlajomicfjdlclnmljbcldgicdm?hl=zh-TW,BTS BT21 Cursors
"Hide messages,images,profile on WhatsApp Free Custom Privacy You Wanna.",cgipcgghboamefelooajpiabilddemlh?hl=zh-TW,Privacy Extension Hide WhatsApp Group Name
Redefined 'referer' in HTTP header to read medium article.,fgmeboblogphchmhbkppjdjohckmmhan?hl=zh-TW,medium infinity reader
åœ–åƒä¸‹è¼‰å™¨Chromeæ“´å±•ç¨‹åºï¼Œä¸€å€‹æ‰¹é‡åœ–åƒä¸‹è¼‰å™¨æ“´å±•ç¨‹åºï¼Œå¯ä»¥åœ¨ç¶²é ä¸Šæ‰¾åˆ°ä¸¦ä¸‹è¼‰æ‰€æœ‰åœ–åƒã€‚,acfcbfkjgnbfglpnlfipdohfdgpgpogh?hl=zh-TW,Image downloader - ImageDuke
"Download any video and music from any website! Fast, easy, free!",kaibkgfibgoffomjemobnlojipabbbjd?hl=zh-TW,Video Downloader Pro
æ‚¨æ­£åœ¨ç€è¦½çš„ç¶²ç«™çš„æŸ¥æ‰¾åŸŸä¿¡æ¯,bgifibpknpdddjoopggofdldijpjfoia?hl=zh-TW,Asuka.IO Whois - åŸŸæŸ¥æ‰¾å·¥å…·
Skyrim Grid Theme 1366x768,fchkiffkbgehkibnegocgonbnmpeheed?hl=zh-TW,Skyrim Grid Theme 1366x768
"Bright VPN desktop app remote controller. Bright VPN is easy to use, no email or credit card is required to use the VPN proxy.",fbffombkfihfokifmkihbddiafipndnb?hl=zh-TW,Bright VPN - Secure Private & Free VPN Proxy
Garena Free Fire wallpapers bring your chrome a new look and useful tools,ocnnnfbblcadccdphieemnmbljdomdgl?hl=zh-TW,Garena Free Fire Wallpapers and New Tab
NetSupport Manager delivers the very latest in remote PC support and desktop management capabilities. Flexibility is key in theâ€¦,dilkdnaihnkfembidikggnigimnbjcjn?hl=zh-TW,NetSupport Manager Client
åŠ©æ‰‹ï¼Œè¼”åŠ©å·¥å…·ï¼Œè§£æ±ºæ–¹æ¡ˆä»¥é€šéè€ƒè©¦ï¼Œå¹«åŠ©è§£æ±ºåœ¨ç·šæ¸¬è©¦ï¼Œç”¨æ–¼LinkedInçš„æŠ€èƒ½è©•ä¼°ã€‚,dcnmkocojfkeagnfnhbeojbkeicdekmk?hl=zh-TW,Test Bro - ç¶²é æ¸¬è©¦åŠ©æ‰‹ï¼›ç·šä¸Šæ¸¬é©—èˆ‡è€ƒè©¦è¼”åŠ©å·¥å…·
Smart. Simple. Beautiful Theme.,hfjhlpgahgkpncekpdkgfoeppikldble?hl=zh-TW,Slinky ç¶“å…¸çš„
"Letâ€™s be honest: everyone hates algebra. There are so many fiddly steps that are just a pain. To make matters worse, most steps areâ€¦",kfcbkkjpeppepgngnifgahleekhnpaik?hl=zh-TW,è®¡ç®—å™¨
Dark Souls 1920X1080,galhifbkhokjdbfkllkjcmdinlhkigjn?hl=zh-TW,Dark Souls 1920X1080
Mother's Day 1920X1080,nmcafamafbpmfgconfglgcldhlogjjgc?hl=zh-TW,Mother's Day 1920X1080
Design by é›…å¸è³‡è¨Šéƒ¨,cnmkiefdjhdgilhcadfdcifihnpoapmd?hl=zh-TW,ASé›…å¸å„„çœ‹ERPå°å¹«æ‰‹
å…è²»ç©å¤§å¯Œç¿ã€‚æŠŠä½ çš„æ¥­å‹™èˆ‡æˆ‘å€‘æ”¶é›†å¤§äº¨éŠæˆ²çš„é ‚éƒ¨ï¼,lglojgpfdnmloocohlomclmbilhaecdj?hl=zh-TW,å¤§äº¨éŠæˆ²
è®“ä½ åœ¨ Google ç°¡å ±èˆ‡ Google è¦–è¨Šæœƒè­°æ™‚ä½¿ç”¨é›…å©·é€å­—ç¨¿ï¼Œæ‰“ä¸Šå­—å¹•ï¼Œä¸¦æ–¼çµæŸå¾Œå¾—åˆ°å®Œæ•´çš„ç´€éŒ„,jmmhllpicjmeoohojhilgekmaibkdeop?hl=zh-TW,é›…å©·é€å­—ç¨¿: å³æ™‚å­—å¹•ï¼Œæœƒè­°ç´€éŒ„
"Now you can play Dots and Boxes Unblocked Games right on Chromeâ„¢ Browser! Offline and Popup Version, without internet required!",pjmohkhnddjiakpnfjmkedmbnhhobpgi?hl=zh-TW,Dots and Boxes Unblocked Games
ä½œç‚º Chrome æ“´å……åŠŸèƒ½ç© Monkey Mart for Chrome Unblocked Game - ä¹Ÿå¯ä»¥åœ¨æ²’æœ‰ç¶²è·¯çš„æƒ…æ³ä¸‹ç©ï¼Œç«‹å³å˜—è©¦ï¼,idingpakbcnfijeelacombnlgoaadlmh?hl=zh-TW,Chrome éŠæˆ²çš„ Monkey Mart
Takes a screenshot of the whole conversation in each chat room in a ChatGPT webpage,ppggknlipehkckcplghjfcoemdeaieme?hl=zh-TW,ChatGPT Screenshot
ç¶²é çš„ notion ç­†è¨˜å°å¹«æ‰‹,kncjiakkhmkmdneigjhdefhdbnlfaemn?hl=zh-TW,Learning Notes Plus for Web
ä½¿ç”¨ SocialPrompt æ›´å¿«åœ°ç¼–å†™æ›´å¥½çš„ç¤¾äº¤åª’ä½“æ ‡é¢˜ã€‚,opmhhnkemilfbhcajcelipmmlgdhcejj?hl=zh-TW,SocialPrompt - Auto Generate Social Media Caption by ChatGPTä¸­æ–‡
ç›´æ¥åœ¨é¡µé¢ä¸Šä½¿ç”¨ ChatGPTï¼Œç”šè‡³åœ¨ YouTube ä¸Šï¼æ·»åŠ  AI Copilotï¼Œä¸æ‚¨çš„ä¸ªäºº AI åŠ©æ‰‹/AI ä¼´ä¾£ä¸€èµ·å®Œæˆæ›´å¤šå·¥ä½œã€‚,bmhcbmnbenmcecpmpepghooflbehcack?hl=zh-TW,Liner ChatGPTï¼šWeb&YouTubeçš„AIå‰¯é©¾é©¶
This extension may replace Chrome's default history to make it easier to view and may quickly open the tabs you just closed.,dfgkodifgdjeibmgbgdbpdhggkljbmjg?hl=zh-TW,History Assistant
Get twitter bird back,nejlodablajdiminhnhnkgeigkkmickc?hl=zh-TW,Bird_back
Trancy åœ¨æä¾›YouTube/Netflix AIé›™èªå­—å¹•çš„åŒæ™‚ï¼Œé‚„æä¾›AIåŠƒè©ç¿»è­¯/æ²‰æµ¸ç¿»è­¯ï¼Œå¾è‡ªå·±å–œæ„›çš„å…§å®¹ä¸­å­¸ç¿’æ–°èªè¨€ï¼Œå¯¦ç¾ä¸€ç¨®æ—¢é«˜æ•ˆåˆæœ‰è¶£çš„æ²‰æµ¸å¼å­¸ç¿’é«”é©—,mjdbhokoopacimoekfgkcoogikbfgngb?hl=zh-TW,YouTubeâ„¢ AI é›™å­—å¹•å’Œç¶²é ç¿»è­¯ - Trancy
Integration powered by 50Tel,hoopkeedlfhpcoecmeclfgelmdefdbgc?hl=zh-TW,50Tel Click to dial
"Simply convert files to PDF directly in a new tab. PDF Converter to Word, PPT, JPG, Doc, Excel. PDF to Doc converter",dheegnmioobjiclbacdpbgkhgieekfkg?hl=zh-TW,PDF Tab - PDF Converter in a New Tab
é»æ“ŠæŒ‰éˆ•å¢å¤§ç•¶å‰ç¶²é å­—é«”,ombpcpigmndepfckcifdblemkabaoihk?hl=zh-TW,å­—é«”è®Šå¤§
CocoFaxä½¿æ‚¨å¯ä»¥å¾è¨ˆç®—æ©Ÿï¼Œæ‰‹æ©Ÿï¼Œé›»å­éƒµä»¶ï¼ˆGmailï¼‰ï¼ŒGoogleé›²ç«¯ç¡¬ç›¤ï¼Œæ–‡æª”ï¼Œè¡¨æ ¼ç­‰åœ¨ç·šç™¼é€å‚³çœŸã€‚,aamhfladfpacdednbomhcfgapoljdjgo?hl=zh-TW,CocoFax-ç™¼é€å’Œæ¥æ”¶å‚³çœŸï¼ˆå…è²»è©¦ç”¨ï¼‰
åœ¨ä½ çš„æ›¸ç±¤ç®¡ç†å“¡ä¸­æ‰¹æ¬¡æ–°å¢è³‡æ–™å¤¾æˆ–ç¶²é ã€‚é–‹å•Ÿæ›¸ç±¤ç®¡ç†å“¡å•Ÿç”¨æ­¤æ“´å……åŠŸèƒ½ã€‚,gdolkiboplhdpaoobioniadihojdcdoa?hl=zh-TW,æ‰¹æ¬¡æ–°å¢æ›¸ç±¤
Integration powered by Crexendo,lbopglbpiiplemmdoiichjimogmcjogl?hl=zh-TW,Crexendo
Hunter X Hunter 1920X1080,imojcmpoldjdlajhdhgdcedpjklnlcom?hl=zh-TW,Hunter X Hunter 1920X1080
OP å‰µç«‹æ–¼ 1972 å¹´ï¼Œæ˜¯ç¬¬ä¸€å€‹æˆåŠŸå°‡è¡æµªçš„ç”Ÿæ´»é¢¨æ ¼è½‰æ›æˆå»£æ³›çš„æ™‚å°šå•†å“çš„å“ç‰Œã€‚,ecaabliejjdikjnkahhikeelbblahgoi?hl=zh-TW,Ocean Pacific
"Change the design of the YouTube with one click, and also customize it.",eklbjbpokknnefdfmgbocfoliapikjeh?hl=zh-TW,Customize YouTube Theme
HappyGet 2 for QTS 4,nhaommnkcfogjlhlphdfaejnnpepepeb?hl=zh-TW,HappyGet 2 for QTS 4
æ‚¨å¯ä»¥å‰µå»ºæ€ç¶­å°åœ–åœ–è¡¨,eiphidhdhamekjmhjgdahlcnhnmagkjp?hl=zh-TW,Google Chromeâ„¢ çš„æ€ç¶­å°åœ–
Schwimmen is a popular card game from Germany/Austria that is also gaining ground in the US. It is a commerce-type game where youâ€¦,epcjmddplomiejdkeiildgchdnihjcmi?hl=zh-TW,G4Aï¼š31ç‚¹/æ—‹è½¬æ‰‘å…‹
Re Zero 1920X1080,emkgohajhlmdkicobmmooplfonplenac?hl=zh-TW,Re Zero 1920X1080
"Currency Converter, a simple Android application running in Chrome",gimkgppbccflaphfhcaefjpgidemdoil?hl=zh-TW,Currency Converter
Harry Potter 1366x768,pdjknmomjglikffociglioebmhaajcbo?hl=zh-TW,Harry Potter 1366x768
é¡¯ç¤ºç•¶å‰ç¶²ç«™æœå‹™å™¨çš„åœ‹å®¶åœ‹æ——åœ–æ¨™å’ŒIPè¨Šæ¯ï¼ˆåœ°ç†ä½ç½®ã€ASNã€ISPã€é–‹æ”¾ç«¯å£ï¼‰ï¼Œæœç´¢å¼•æ“çµæœé æ¯é …å‰é¡¯ç¤ºåºè™Ÿå’ŒåŸŸåæ‰€å±¬äººè¨Šæ¯ã€‚,ifbiiojnbgljbjffmacihhdkeomdkifc?hl=zh-TW,SERP Analyzer - åŸŸåæ‰€å±¬äººIPè¨Šæ¯åŠåœ‹æ——
ä¿å­˜ç¶²é å¯è¦‹éƒ¨åˆ†åˆ°ä¸€å€‹Htmlæ–‡ä»¶ã€‚çœ‹åˆ°ä»€éº¼æ¨£å¼çš„é é¢ï¼Œä¿å­˜çš„å°±æ˜¯ä»€éº¼æ¨£çš„é é¢ï¼Œæ‰€è¦‹å³æ‰€å­˜ã€‚,opofajlgipfljhhlfhcpmhhjckjaacia?hl=zh-TW,Just One File
Your Name ( anime ) 1920X1080,jkmnlcgpmaallncjphlcnamgdmifpnbd?hl=zh-TW,Your Name ( anime ) 1920X1080
My Hero Academia Boku No 1366x768,npgpgcgpgjfpkobokaloijpchhcmhadl?hl=zh-TW,My Hero Academia Boku No 1366x768
Fairy Tail 1920X1080,dabaojfklegmfjdjfpkfjjimcnnmddbd?hl=zh-TW,Fairy Tail 1920X1080
CoinMarketRank,illbfbibnaihihlhehaidellhjpbmimc?hl=zh-TW,CoinMarketRank
é€™æ˜¯å¾ˆç°¡å–®ï¼Œå®Œå…¨å¯æ„›çš„é»çƒå¤§æˆ°éŠæˆ²ï¼Œè©¦è©¦å§ï¼Œæœ‰æ¨‚è¶£ã€‚,cmokbgikneiijpmpnegicnhmancajngi?hl=zh-TW,é»çƒå¤§æˆ°
åƒè€ƒåœ‹æ°‘æ—…éŠå¡ç¶²ç«™(travel.nccc.com.tw/â€)ä¹‹ç‰¹ç´„å•†åº—è³‡æ–™ï¼Œæ‰€å»ºç«‹ä¹‹ç‰¹ç´„å•†åº—åœ°åœ–ï¼Œæ–¹ä¾¿ä½¿ç”¨è€…æŸ¥è©¢ç›¸é—œå•†åº—ä½ç½®ï¼Œå¢é€²æ—…éŠå®‰æ’ä¹‹æ–¹ä¾¿æ€§,cnfndhcdnilinliccmafloegbglnpbgn?hl=zh-TW,åœ‹æ—…å¡ç‰¹ç´„å•†åº—åœ°åœ–
"VK Tik-Tok Instagram video downloader also vimeo, facebook, yandex music, dailymotion, deezer, spotify",pndbkmpibfppofmbjbjcikehfeeljlhh?hl=zh-TW,Video Downloader
"Protect your privacy on WhatsApp Web, lock your screen, and hide messages, images, profile, and more with blur effects.",mbcghjiodcjankhkllfohcgnckhdbkmi?hl=zh-TW,Privacy Extension For WhatsApp Web - wabulk.net
Whack the mole - with bunnies! This game will never become boring. Get the well-known game mole hammer with bunnies and bears. Tryâ€¦,anmeecppnkkpmliobodogpkjnanojjpb?hl=zh-TW,Bunny Hammer
A Chrome extension to copy link on right click and shorten itï¼Œä¸€å€‹Chromeçš„æ’ä»¶å¯ä»¥æ»‘é¼ å³éµè¤‡è£½ä¸¦ç¸®çŸ­é€£çµ,iepcbcaffpahjjmfokdalapfbjnjpfcj?hl=zh-TW,Copy Link and shortenï¼Œè¤‡è£½é€£çµç¶²å€ä¸¦ç¸®çŸ­
ä½ å–œæ­¡æ¸¸æˆ²å—ï¼Ÿç©ä¸¦å°‡ä»»ä½•ç¶²ç«™è®Šæˆæœ‰è¶£çš„ç€è¦½å™¨å…è²»éŠæˆ²,kcjeghjjjjdpeaoemlhdhnbbkpgncpfc?hl=zh-TW,RPGéŠæˆ²-Dedalium
Skyrim | â™¥ | 1920X1080,ponhbgfcongpnccpkpallpgfibilbgmc?hl=zh-TW,Skyrim | â™¥ | 1920X1080
åŸºæ–¼OpenAIå’ŒChatGPTçš„tiktokè©•è«–ç¸½çµæ’ä»¶ï¼Œå¹«åŠ©ä½ å¿«é€Ÿäº†è§£äººå€‘å°é€™å€‹è¦–é »çš„çœ‹æ³•ã€‚,nmaofahljabkmkbceeiajgfdhdndlkai?hl=zh-TW,åŸºæ–¼OpenAI ChatGPTçš„TikTokè©•è«–ç¸½çµå·¥å…·
æ‚¨å¯ä»¥ä¸‹è¼‰Doodle Jump Officialä¾†ç•¶ä½œChromeæ“´å……ç¨‹å¼ - ä¹Ÿå¯ä»¥åœ¨æ²’æœ‰ç¶²è·¯çš„æƒ…æ³ä¸‹é€²è¡ŒéŠç©ï¼Œç«‹å³è©¦è©¦çœ‹ï¼,jeidbjmmapdnnabckapgagcnfaimibcg?hl=zh-TW,æ¶‚é´‰è·³è·³ Official
ç¶“å…¸çš„2048æ‹¼åœ–æ˜¯ä¸€æ¬¾æœ‰è¶£ï¼Œä»¤äººä¸Šç™®çš„ç°¡å–®æ‹¼åœ–éŠæˆ²ã€‚æ‚¨åŠ å…¥æ•¸å­—ä¸¦ç²å¾—4096ç“¦ï¼,molfigiaphopinaigcfccehjlhjhnbam?hl=zh-TW,2048ç¶“å…¸
å¦‚æœä½ æœ‰å¤šå¼µå°ç£ä¸»è¦åŸå¸‚çš„åœ–æ›¸é¤¨è­‰æ™‚ï¼Œæœ¬ç¨‹å¼å¯ä»¥å¹«åŠ©ä½ ç™»å…¥æ‰€æœ‰çš„å¸³æˆ¶ï¼Œæª¢è¦–å…¨éƒ¨çš„å€Ÿæ›¸ç‹€æ³ã€‚,pndngfenlcpbkghampfmmjklpbcgojkg?hl=zh-TW,åœ–æ›¸é¤¨å¤šé‡å¸³æˆ¶ç™»å…¥
Persona 5 1920X1080,lcnafabambfopoifolmdnahdbflokpmg?hl=zh-TW,Persona 5 1920X1080
Hunter X Hunter 1366x768,cbcdenckbmdnlmngkgfbnombnhjjhgll?hl=zh-TW,Hunter X Hunter 1366x768
ä¸€å€‹ç°¡å–®çš„æ“´å±•Pomodoroè¨ˆæ™‚å™¨ï¼Œå¸¶æœ‰å¾…è¾¦äº‹é …åˆ—è¡¨ï¼Œå°ˆæ³¨æ–¼å·¥ä½œã€‚,fgaaffhjdmhlhdmmigjpjepflplblgam?hl=zh-TW,Google Chromeâ„¢çš„Pomodoroè¨ˆæ™‚å™¨
ä½¿ç”¨ä¾†è‡ªç¶²è·¯çš„ç›¸é—œçµæœï¼Œå¢åŠ  AIChat çš„å›ç­”åŠŸèƒ½ã€‚,clhepobmpbmmkefkkhgljbooacoiobnk?hl=zh-TW,AIChat Advancedï¼šæœ‰ç¶²è·¯å­˜å–åŠŸèƒ½çš„ AIChat
YouTube Shorts ON OFF YouTube Shorts è½‰æ¨™æº–è¦–é »,pkiligjbdajidpjlikchpofgfjhgecdp?hl=zh-TW,YouTube Shorts ON OFF
è¿½è¸ªæœ€å–œæ­¡çš„é›»å­ç«¶æŠ€æ¯”è³½çš„æœ€ç°¡å–®ï¼Œæœ€ç°¡å–®çš„æ–¹æ³•,caocacliklpndkcbdcbfcjnelfaknioi?hl=zh-TW,é›»ç«¶æ¯”è³½æ™‚é–“è¡¨
UDN å‰ªå ±é€š,cdkbnifjbcincapboleahekpajccjhaj?hl=zh-TW,UDN å‰ªå ±é€š
"Hangouts Chat and Hangouts Meet for Google Chrome. Notifications, messages, emojis, calls, video-calls. Google Hangouts. Gmail Chat",gglcalnjbighdaklagfdkclchfildlal?hl=zh-TW,Chat and Meet for Hangouts
Smart. Simple. Beautiful Theme.,piiokbhpgldooopjdacdondngonfljoc?hl=zh-TW,Slinky æ‹‰çµ²
å°‡ä»»ä½•ç¶²é ä¸Š Highlight çš„å…§å®¹ä¿å­˜åˆ° Notion æ•¸æ“šåº«ã€‚,chadjfleiefolhngbpkdpdhajbkhpaij?hl=zh-TW,Highlightion - å°‡ Highlights ä¿å­˜åˆ° Notion
for 3 seconds forward/backward,knkligebdechoagelpfkckoabgnklfjm?hl=zh-TW,YouTube Keyboard Shortcuts Plus
ç©æ¼‚ç§»è€é—†éŠæˆ²ã€‚é€™æ˜¯ä¸€æ¬¾æœ‰è¶£çš„æ±½è»ŠéŠæˆ²ï¼Œæ˜¯éé‰»çš„æ“´å±• - ä¹Ÿå¯ä»¥åœ¨æ²’æœ‰äº’è¯ç¶²çš„æƒ…æ³ä¸‹ç©ï¼Œè«‹ç«‹å³å˜—è©¦ï¼,joddoccfonkfjadgdnhnmaibooloadaf?hl=zh-TW,æ¼‚ç§»bosså…è²»é›¢ç·š
å°‡ç¶²é è½‰æ›æˆ PDF,ilmgaoiahpbgamghoailbgpakhphhckb?hl=zh-TW,Wondershare PDFelement
"åœ¨èª²ç¨‹æ™‚é–“è¡¨èˆ‡é¸èª²ç³»çµ±åµŒå…¥é€£çµèª²ç¨‹è³‡è¨Š,1.5ç‰ˆæ–°å¢åŒ¯å…¥èª²ç¨‹åŠŸèƒ½!!",cglpmicbpkagcmpligkmdlcfmccgkiem?hl=zh-TW,NCTU+ å°å¹«æ‰‹
Create custom WhatsApp links that let others contact you instantly with just one click.,fgmmhlgbkieebimhondmhbnihhaoccmj?hl=zh-TW,WA Link Generator
"å¯ä»¥åœ¨ä¸‹é¢å…©å€‹æ™‚é–“é»ï¼Œè‡ªå‹•ç°½åˆ°è¦çš®è³¼ç‰©ï¼Œè³ºå–è¦å¹£çå‹µï¼š
1. æ¯æ¬¡ç€è¦½å™¨é–‹å•Ÿæ™‚
2. æ¯å¤©å›ºå®šæ™‚é–“",mhnapekakpglfmcfphihbcdkmamjdnoe?hl=zh-TW,è¦çš®è³¼ç‰©è‡ªå‹•ç°½åˆ°
"BitLife, Live your virtual life to the fullest, a life simulation game where you make choices and face consequences",lnhhffjcldphledmlhnpmdheoclnicoa?hl=zh-TW,BitLife Unblocked
"bilibili å“”å“©å“”å“© Bç«™ ç¾åŒ–ä½ çš„å—¶å“©å—¶å“©ç¶²é ï¼Œè®“33å¨˜é™ªä½ çœ‹è¦–é »

å…è²¬è²æ˜
------------------
å—¶å“©å—¶å“©, Bilibili, åŠå…¶å¾½æ¨™ç‚ºä¸Šæµ·å¹»é›»ä¿¡æ¯ç§‘æŠ€æœ‰é™å…¬å¸åœ¨ä¸­åœ‹å’Œå…¶ä»–åœ‹å®¶çš„å•†æ¨™æˆ–è¨»å†Šå•†æ¨™.",clgnlcfonpnfnidhhfadegagplcnjepk?hl=zh-TW,Bilibiliçœ‹æ¿å¨˜
"Now you can play Candy Jump Unblocked right on Chromeâ„¢ Browser! Offline and Popup Version, without internet required!",mhbeodjbiiddjgdpgchjmikgkkemdfge?hl=zh-TW,Candy Jump Unblocked
ModelAgentsæ˜¯ä¸€æ¬¾AIæ—¶è£…æ¨¡ç‰¹ç”Ÿæˆå™¨ï¼Œå¯ä»¥å¸®åŠ©ç”µå•†å–å®¶ç”Ÿæˆé«˜æ•ˆã€ç»æµçš„æœè£…æ¨¡ç‰¹å±•ç¤ºå›¾ã€‚,lmnagehbedfomnnkacohdhdcglefbajd?hl=zh-TW,ModelAgents - AIæ—¶è£…æ¨¡ç‰¹ç”Ÿæˆå™¨
ä½¿ç”¨å¤šå¹³å°å…è´¹è§†é¢‘ä¸‹è½½å™¨å¿«é€Ÿä»æ‰€æœ‰ç¤¾äº¤åª’ä½“å¹³å°ä¸‹è½½è§†é¢‘ã€‚,ehpmmjainhjmmkfkaeangkmcohcgpema?hl=zh-TW,è§†é¢‘ä¸‹è½½å™¨
Helps your teacher maintain a great learning environment.,honjcnefekfnompampcpmcdadibmjhlk?hl=zh-TW,LanSchool Web Helper
æª”æ¡ˆç®¡ç† WebDav,famepaffkmmhdefbapbadnniioekdppm?hl=zh-TW,æª”æ¡ˆç®¡ç† - WebDav
Changes default google logo as Animated Waifus,lkpebdhmblffaikggdghmknokfekdlph?hl=zh-TW,Google Anime Waifus
AI Prompt Generatorï¼šæœ€ä½³çš„ ChatGPT è—è¡“æŒ‡ä»¤å·¥å…·åŒ…ã€‚ç¶“éé©—è­‰ï¼Œå…è²»ï¼Œéå¸¸é©åˆå•†æ¥­å’Œç·¨ç¢¼ã€‚æé«˜ç”Ÿç”¢åŠ›ï¼,ddklmeegbpggbnojceljdcghjhmhddid?hl=zh-TW,AIæç¤ºç”¢ç”Ÿå™¨
Text Editing for Creative Writers,gkkcfdknnbbdnejahnjmndmekeoikikk?hl=zh-TW,Filter (Text Editor)
ä¸€æ¬¡æ€§ä¿å­˜ä¸¦å•Ÿå‹•è¨±å¤šæ¨™ç±¤é ,gelllpfobikcnaamfacldgeipppbdeed?hl=zh-TW,TotalTab
Papalyçš„Chromeæ‡‰ç”¨ï¼Œå¹«åŠ©åœ¨æ‰€æœ‰å¹³å°ä¸Šèˆ‡æ”¶è—çµ„ç¹”æ›¸ç±¤,ebaemiclbgheekdodbcengpahonmfnla?hl=zh-TW,Papalyæ›¸ç±¤ç®¡ç†å™¨
ScreenShare,onafgbbkgbicednkfjlafmhmebadoiel?hl=zh-TW,ScreenShare
Dark Souls 1366x768,kcjdncaelijdjmfihjchinlcmebcaoam?hl=zh-TW,Dark Souls 1366x768
å°‡Twitchçš„å°è©±è¨Šæ¯æ”¾å…¥è¦–è¨Šå…§éƒ¨å¹¶ä»¥å½ˆå¹•å½¢å¼å‘ˆç¾ï¼Œæ”¯æŒTwitchè¡¨æƒ…ç¬¦èˆ‡BetterTTVè‡ªå®šç¾©è¡¨æƒ…ç¬¦ã€‚,koiphfkghjgmncbkcpfnegnbcbomlchg?hl=zh-TW,TwitchèŠå¤©å½ˆå¹•
Tank Defenderæ˜¯ä¸€å€‹å¾ˆé…·çš„é˜²ç¦¦éŠæˆ²ï¼ä¿è­·æ‚¨çš„åœŸåœ°å…å—æ•µæ©Ÿçš„ä¾µå®³ï¼ç”¨æ­¦è£è»Šè¼›æˆ°é¬¥ï¼ç¾åœ¨äº«å—æˆ‘å€‘çš„å¦å…‹éŠæˆ²ï¼,afbfgagggheenljochjhlamadmffpkib?hl=zh-TW,Tank Defender éŠæˆ² - é›¢ç·šé‹è¡Œ
ä¸æ­»è€…ä¹‹ç‹å£ç´™æ“´å±•ç¨‹åºé‡æ–°å®šç¾©äº†æ‚¨çš„Chromeæ–°æ¨™ç±¤é æˆç‚ºä¸æ­»è€…ä¹‹ç‹å½±çš„èƒŒæ™¯å£ç´™ã€‚ä¸æ­»è€…ä¹‹ç‹ç²‰çµ²çš„ä¸»é¡Œã€‚,fonkbpdfllbilacgdkfdclokddjajlfi?hl=zh-TW,ä¸æ­»è€…ä¹‹ç‹å£ç´™é«˜æ¸…
åœ¨æ–‡æœ¬æ¡†ä¸­æ ¼å¼åŒ– XML æˆ–å¾æ–‡ä»¶ä¸­è®€å–/æ ¼å¼åŒ–,piocgilonokogjhfcillbljpifenhabk?hl=zh-TW,XML æ ¼å¼åŒ–ç¨‹åº
åœæ”¾è»Šè¼›åœ¨ä¸åŒçš„åœ°æ–¹æœ‰ä¸åŒçš„è·¯å¾‘ã€‚,phmggphkhglckbnpoghphogemjapdejl?hl=zh-TW,åœè»Šè³½è»ŠéŠæˆ²
åˆºå®¢ä¿¡æ¢å£ç´™æ“´å±•ç¨‹åºé‡æ–°å®šç¾©äº†æ‚¨çš„Chromeæ–°æ¨™ç±¤é æˆç‚ºåˆºå®¢ä¿¡æ¢çš„èƒŒæ™¯å£ç´™ã€‚åˆºå®¢ä¿¡æ¢ç²‰çµ²çš„ä¸»é¡Œã€‚,kmdgfaagjioogbgghhpbmfljbcidpkjp?hl=zh-TW,åˆºå®¢ä¿¡æ¢å£ç´™é«˜æ¸…
FastAccess SSO manages all your website logins.,kjjgjficdnjifahihocmflknmgnpgjai?hl=zh-TW,FastAccess è‡‰å­”è¾¨è­˜ç¶²é ç™»å…¥
Mother's Day 1366x768,chddpnpchgjechlhihbigogpppacokak?hl=zh-TW,Mother's Day 1366x768
ç·šä¸Šé›»å­è¡¨æ ¼,jhegddohmncgelkehhnigphmloinkinj?hl=zh-TW,Zoho Sheet
PokÃ©mon GO åœ˜éšŠ MYSTIC çš„ Chrome å¸ƒæ™¯ä¸»é¡Œã€‚,fhokbfjnlpdkpanfkepffohfepgefcgn?hl=zh-TW,PokÃ©mon GO Team MYSTIC
æå–PDFæ–‡æª”ä¸­çš„æ‰€æœ‰åœ–ç‰‡ï¼Œæˆ–å°‡æ¯ä¸€é è½‰æ›ç‚ºJPGåœ–ç‰‡ã€‚,hlpimaaglomaabjikmkdncaijpbkdmej?hl=zh-TW,PDFè½‰æ›ç‚ºJPGåœ–ç‰‡ | ilovepdf.com
"1. Download It For Free!
The best things in life are free, donâ€™t you think so? Downloading a TaxiPlus doesnâ€™t cost you anything,â€¦",ebjjlmgamdlenjgdmnkalphidlpfppka?hl=zh-TW,TaxiPlusPassenger
Hunter X Hunter 1920X1080,plmfkhpjjamddcgpkagmbhgbpifeajeh?hl=zh-TW,Hunter X Hunter 1920X1080
You can type the command to help you do something.,nbjjflbnekmabedahdolabcpahfjojjb?hl=zh-TW,Console
Viking Escape - æ§åˆ¶é¾ä¸Šçš„ç¶­äº¬äººä»¥é€ƒé¿åœ°ç²¾å’Œçªè®Šé«”ã€‚ çˆ­å–è‡ªç”±ä¸¦é€²è¡Œå²è©©èˆ¬çš„å†’éšªï¼,bdijnblfekhmbcoickjomdlnngiejfbh?hl=zh-TW,ç¶­äº¬é€ƒè„«éŠæˆ² - é›¢ç·šé‹è¡Œ
Powered By SHOPAGE,bibehbmohkdoojpplnkbjdpfchjbjcld?hl=zh-TW,SHOPAGEé †è±è‡ªå‹•åŒ–å°å–®æ’ä»¶
ç®¡ç†ä½ çš„åˆ†é ï¼›å¢é€²ä½ çš„ç€è¦½å“è³ªï¼›ä¸¦ä½¿ä½ åœ¨é–‹å•Ÿå¤§é‡åˆ†é æ™‚ï¼Œé‚„å¯ä»¥ç¶­æŒç†æ€§ã€‚,amigcgbheognjmfkaieeeadojiibgbdp?hl=zh-TW,TooManyTabs for Chrome
"åŸå:Gestures for Chrome(TM)ç¹é«”ç‰ˆ.æ–¹ä¾¿,å¿«æ·,å……åˆ†ç™¼æ˜é¼ æ¨™çš„æ‰€æœ‰æ“ä½œ.åŠŸèƒ½åŒ…æ‹¬:é¼ æ¨™æ‰‹å‹¢,è¶…ç´šæ‹–æ›³,æ»¾è¼ªæ‰‹å‹¢,æ–æ¡¿æ‰‹å‹¢,å¹³æ»‘æ»¾å‹•,åˆ†é åˆ—è¡¨ç­‰.",mjidkpedjlfnanainpdfnedkdlacidla?hl=zh-TW,CLEAN crxMouse Gestures
"Now you can play Battle City Classic Game right on Chromeâ„¢ Browser! Offline and Popup Version, without internet required!",mgaoplldmbcohibpbdedomcadllhjcde?hl=zh-TW,Battle City Classic Game
Instantly Translate Words and Text Snippets on Web Pages with a Single Click with Inline Lingo,hmioicehiobjekahjabipaeidfdcnhii?hl=zh-TW,Inline Lingo
Flappy Bird for Chrome is a classic arcade game,dpfpohilcgfbohkciadifcfcllhcppcc?hl=zh-TW,Flappy Bird for Chrome
"Now you can play Car Parking Unblocked right on Chromeâ„¢ Browser! Offline and Popup Version, without internet required!",ddoogcmcjnilclmbfdgfbpnokgebijlm?hl=zh-TW,Car Parking Unblocked
æœƒè­°åŠŸèƒ½æ‰€å¿…é ˆçš„æ“´å±•ç¨‹åºï¼Œå¹«åŠ©æ‚¨éš¨æ™‚éš¨åœ°èˆ‡æ‰€æœ‰äººå”åŒå·¥ä½œã€‚,ncopmpddfokfcmmnhhbekaecjbokeeck?hl=zh-TW,æœƒè­°æ“´å±•ç¨‹åº
Download png in MMIS,cmimoofmnagcnclglolnooobeemlanjd?hl=zh-TW,MMIS crawler
é˜»æ­¢æ‚¨æ¯å¤©ç€è¦½çš„æ‰€æœ‰ç¶²ç«™ä¸Šçš„å»£å‘Šå’Œå½ˆå‡ºçª—å£,cmdgdghfledlbkbciggfjblphiafkcgg?hl=zh-TW,SBlock - è¶…ç´šå»£å‘Šæ””æˆªå™¨
This extension can remove a list of URLs from Bing via Bing Webmaster Tools with one click. You don't need to copy and pasteâ€¦,knhcaipgfilkpgkejhmjbgklpalkaahi?hl=zh-TW,Bing Webmaster Tools - Bulk Url Removal
è‡ªå‹•é é¢åˆ·æ–°ä»¥é‡æ–°åŠ è¼‰ç¶²é ã€‚,amloklcaibgdommdfkhpjjeopdjmmaoe?hl=zh-TW,è‡ªå‹•è¤‡ç¿’
é›»å•†å°å–®å°å¹«æ‰‹ (Delivery Order),dbgbpfefnifpdkieggikljahlmmbdial?hl=zh-TW,é›»å•†å°å–®å°å¹«æ‰‹
"House Of Hazards is our best game you can play right on your browser, without internet, popup, relax and have fun!",ijedfcaldfkopldcgeaddopgfplncnam?hl=zh-TW,House Of Hazards
è½»æ¾å¿«é€Ÿåœ°åˆå¹¶ PDFï¼æ‹–æ”¾å’Œæ’åˆ—ä»¥å®ç°æ— ç¼åˆå¹¶ã€‚éå¸¸é€‚åˆå­¦ç”Ÿã€ä¸“ä¸šäººå£«ç­‰ã€‚,jhgmclggpkmmkkjnjcihjndbapckmcom?hl=zh-TW,Swift PDF Mergerï¼šè½»æ¾åˆå¹¶ PDF
YouTubeè¦–é »æ‘˜è¦å¸¶æœ‰Chatgptæ“´å±•åï¼Œè«‹åƒè¦‹è¦–é »çš„æˆç¸¾å–®ï¼Œä¸¦ç¸½çµYouTubeè¦–é »ã€‚,bjbgpibihapchmkboankeminjcnmhelm?hl=zh-TW,YouTubeæ‘˜è¦èˆ‡Chatgpt 4
å°‡é»å­å„²å­˜åˆ° Pinterestã€‚,gpdjojdkbbmdfjfahjcgigfpmkopogic?hl=zh-TW,å„²å­˜åˆ° Pinterest
Quickly compress JPEG images,jjmbbhbbjmljofmfnhlfhdnljgeckecf?hl=zh-TW,Compress JPEG
An Ethereum Wallet in your Browser,bjdhiccoieljgfekococojhkkmbocekp?hl=zh-TW,Defed
mei's Handy Tool provides some useful features for browsingã€present and everything you need.,ahkmfhnnaehikaaphccaonmddgcjdhee?hl=zh-TW,mei's Handy Tool
"A browser plugin to export ChatGPT dialog as markdown, easily edit & retain text format.",adghjpdmpbcmppeafpodcjpagmegdpci?hl=zh-TW,ChatGPT to Markdown
"Powerful video downloader. Pro download manager: save video, download music and images, managing downloads, etc.",opjjpmhoiojifppkkcdabiobhakljdgm?hl=zh-TW,åœ¨çº¿ä¸‹è½½ç®¡ç†å™¨ - è§†é¢‘ä¸‹è½½å™¨
å¾ Facebookã€Twitterã€Instagramã€Vimeo å’Œè¨±å¤šå…¶ä»–ç†±é–€ç¶²ç«™ä¸‹è¼‰è¦–é »ã€‚ é©ç”¨æ–¼ FBã€Twitterã€Instagram çš„è¦–é »ä¸‹è¼‰å™¨,knkpjhkhlfebmefnommmehegjgglnkdm?hl=zh-TW,è¦–é »ä¸‹è¼‰å™¨ - Video Downloader
å¾nicovideo.jpä¸‹è¼‰å‹•æ¼«è¦–é »ï¼ŒéŸ³é »éŸ³æ¨‚mp3ï¼Œç¸®ç•¥åœ–ï¼Œæ¼«ç•«,jefkdjjbbmlokldmpehimfdefdcklagj?hl=zh-TW,å¾ˆæ£’çš„NicoNicoä¸‹è¼‰å™¨
å¾ç„¡æ‰€ä¸çŸ¥çš„ ChatGPT ä¸­ç”Ÿæˆç„¡ç›¡çš„ç­”æ¡ˆ (ä»»ä½•èªè¨€!),amikeononomkhphopbflomhnmdijjpmb?hl=zh-TW,ChatGPT ç„¡ç›¡
å¾ TikTok Feedã€TikTok å»£å‘Šåº«å’Œ TikTok å‰µæ„ä¸­å¿ƒæŸ¥æ‰¾ç†±é–€å»£å‘Šã€‚,fhpkcpknckbhgndefnbphgakdjinnckp?hl=zh-TW,å»£å‘Šåº« - TikTok çš„å»£å‘Šé–“è«œå·¥å…·
Attack On Titan Severity 1920X1080,paboafphmgcjhehncihmldnbcnkpnnkl?hl=zh-TW,Attack On Titan Severity 1920X1080
SaveTik - Tik Tok Downloader,lilbblbpakjjohhllknkgcgfabehbiai?hl=zh-TW,SaveTik - Tik Tok Downloader
æ±äº¬å–°ç¨®å£ç´™æ“´å±•ç¨‹åºé‡æ–°å®šç¾©äº†æ‚¨çš„Chromeæ–°æ¨™ç±¤é æˆç‚ºæ±äº¬å–°ç¨®çš„èƒŒæ™¯å£ç´™ã€‚æ±äº¬å–°ç¨®ç²‰çµ²çš„ä¸»é¡Œã€‚,dakaicilmdccpknldllaednpmbhgmamp?hl=zh-TW,æ±äº¬å–°ç¨®å£ç´™é«˜æ¸…
A minimal notepad.,dfjihdkgnffgahhikldnjjfioahnlpdj?hl=zh-TW,Caderno
æ§å¾å²å‰åˆ°ç¾ä»£ã€‚,nkonhlelkinoldhllfifkldlecfnndml?hl=zh-TW,æˆ°çˆ­æ™‚ä»£
OSKA adblock plus å…è´¹çš„å¹¿å‘Šæ‹¦æˆªå™¨ is a relentless ad blocker. Donâ€™t let any ad slip through.,gfmcgjbfiphmbglaepmbcbkbcchniedc?hl=zh-TW,OSKA adblock plus å…è´¹çš„å¹¿å‘Šæ‹¦æˆªå™¨
ç°¡çŸ­èªªæ˜ï¼šæœ€ç°¡å–®çš„cookiesç®¡ç†å™¨ï¼Œæ™ºèƒ½ï¼Œå¿«é€Ÿï¼Œæ˜“æ–¼ä½¿ç”¨ï¼Œå…·å‚™æ‚¨éœ€è¦çš„æ‰€æœ‰é«˜ç´šå·¥å…·ã€‚,efmbllenocpgfaedkjnlnbacalkajolk?hl=zh-TW,Cookies by lfj.io
Make the circle jump and avoid hitting the line!. How far can you go? WARNING: Highly Addicting!,pnllmjnlehkpomldfdfbdjacjcihfmif?hl=zh-TW,Flappy Circle
"This intuitive and feature rich finite element app is especially useful for civil engineers, mechanical engineers, architects andâ€¦",himjepbhchnfjcecpaadmlmocipdgopk?hl=zh-TW,FrameDesign
transform text from TAIWAN to ROC in news,idinldkceljpagnbidadlckofnicgleb?hl=zh-TW,News Transformer
è†è½èƒŒæ™¯è²éŸ³ä»¥æ©è“‹ç…©äººçš„å™ªéŸ³ï¼Œä¸¦åœ¨å·¥ä½œï¼Œå­¸ç¿’æˆ–æ”¾é¬†æ™‚å¹«åŠ©æ‚¨é›†ä¸­ç²¾åŠ›ã€‚,pbfcingikdiombagiepoidhadecbejib?hl=zh-TW,Google Chromeâ„¢ çš„ç™½å™ªè²
è®“åŸæœ¬ç¿’æ…£é»è¨‚é–±å…§å®¹çš„äººä¸è¦èª¤é»Shorts,mencefghapocgobfmhgblcofoopingbf?hl=zh-TW,Remove YouTube Shorts
"Now you can play Stack Unblocked Games right on Chromeâ„¢ Browser! Offline and Popup Version, without internet required!",jbpkfffhfkmomglabnhpchnohnfbdofg?hl=zh-TW,Stack Unblocked Games
"This cat and kitten puzzle contains over 50 pictures to play with.
â˜… Choose between 50 images on board
â˜… Every day a new puzzle !
â˜…â€¦",oehllfggmhmiakineebdcjefnadjbpph?hl=zh-TW,Cats & Kittens Puzzle
æå‡æ‚¨çš„ Roblox é«”é©—ï¼ å®ƒçµåˆäº†è¨±å¤šåŠŸèƒ½ï¼Œå¦‚ Ro Proã€BTR roblox ç­‰,cfllfglbkmnbkcibbjoghimalbileaic?hl=zh-TW,èˆ‡ç¾¤çœ¾æ¼”å“¡ä¸€èµ·ç© Robloxï¼ ç¾…è²æ–¯ç‰¹
å¦‚ä½•ç•¶ä¸€å€‹è€å¸æ©Ÿ by.nh,dcpgjdmmaohclcadlbmpnkeijkaldiii?hl=zh-TW,å¦‚ä½•ç•¶ä¸€å€‹è€å¸æ©Ÿ
The best way to focus that photo or image and add it to one photo gallery with ambient lighting effects.,pkaglmndhfgdaiaccjglghcbnfinfffa?hl=zh-TW,Ambient Aurea for Google Chrome
Maximize Your Screen Space and Efficiency with Smart Pip View: A Smarter Way to Embrace Picture-in-Picture (PiP) Technology,emmfpopkoiadfoejfadebaoipmbfafai?hl=zh-TW,Smart Pip View
,pgpnenhbfnahebbaklkglhjpmaajamjb?hl=zh-TW,Maps Utils Demo
Fairy Tail 1920X1080,ekbdciaihegcikplaenjgidgflipdcda?hl=zh-TW,Fairy Tail 1920X1080
"New Bing Chat can be used in any browser, with any search engine, and in any country. éš¨æ™‚éš¨åœ°ï¼Œæœ‰æ±‚å¿…æ‡‰",hceobhjokpdbogjkplmfjeomkeckkngi?hl=zh-TW,New Bing Anywhere (Bing Chat GPT-4)
å…è´¹çš„åœ¨çº¿æ–¹ç¨‹å¼ç¼–è¾‘å™¨ï¼Œå…è®¸ç”¨æˆ·åœ¨çº¿ä¹¦å†™æ•°å­¦æ–¹ç¨‹å¼ã€å…¬å¼å’Œç¬¦å·,imcaiokpoocfeplmgemffhmdokiaallo?hl=zh-TW,MATH Keys - æ–¹ç¨‹å’Œå…¬å¼ç¼–è¾‘å™¨
CRM CTI for Heritage Telecom Customers,pmmoghihddigppnoannbgklidjgjilpf?hl=zh-TW,Heritage Telecom Connect
æ”¯æ´ppt.ccï¼0rz.twï¼goo.glï¼tinyurl.comï¼ç£åŠ›hashï¼å¢å¼·ç‰ˆä¿®æ”¹ï¼šhttps://www.youtube.com/channel/UCQr7hrZsL3-zm2yCapSzcEA,bgdmklebbjngcmbjpbbbpgdgdhbjjlda?hl=zh-TW,ä½èª¿ç¢¼å¢å¼·ç‰ˆ
æ™‚é–“ç®¡ç†è€…ï¼šè¨ˆæ™‚å™¨ï¼Œç§’éŒ¶ï¼Œé¬§é˜ã€‚ä¿æŒåœ¨æ­£ç¢ºçš„è»Œé“ä¸Šï¼Œæé«˜ç”Ÿç”¢åŠ›ï¼Œæ°¸ä¸éŒ¯éä»»å‹™ã€‚,pmbmdkichekkmkgbohcbpfehiekdjnpl?hl=zh-TW,å®šæ™‚å™¨ / è¨ˆæ™‚å™¨ / é¬§é˜
ASCè³‡é¢å±€çš„GOOGLEæ“´å……ä¸»é¡Œå¥—ä»¶ï¼Œä¸»è¦æ˜¯æä¾›ASCç¤¾ç¾¤ä¸€å€‹ç²‰çµ²å‘çš„ä¸»é¡Œã€‚,kbphnambiokacephbceooffnbcifeejc?hl=zh-TW,ASC_GoogleTheme
This VPN Extension is easy and hassle-free. No registration or email is required. All you need is a simple click the country ip.,fnddeinbnaemdhobbppefpdpaidaddnf?hl=zh-TW,Free VPN For Window 10 Chrome
é€šé Netflix å’Œ YouTube å­¸ç¿’èªè¨€ã€‚æ™ºèƒ½eLangæ“´å±•ï¼šé›™å­—å¹•ã€å€‹äººè©å…¸ç­‰,lnjampkehdeoilenmkceiganjofpahbb?hl=zh-TW,eLangï¼šå­¸ç¿’èªè¨€ä¸¦ç¿»è­¯å–®è©ã€çŸ­èªã€è¦–é »ã€å­—å¹•å’Œç¶²ç«™
å®ƒæ—¢ç°¡å–®åˆå¯¦ç”¨ã€‚,elbknmciookemhdakoadnmlgohoamkmj?hl=zh-TW,ç¯€å‡æ—¥æ›†
"Turn your ChromeBook into your personal interactive whiteboard!

ShowMe allows you to record voice-over whiteboard tutorials andâ€¦",imhcgobdenlgaknolafgdaiapejbeoim?hl=zh-TW,ShowMe
Mike Adblock for Chrome æ˜¯ YouTube è‡ªå‹•è·³éå»£å‘Šï¼ŒChrome å»£å‘Šå°é–ç¨‹å¼ï¼Œéš±è—å»£å‘Šæ©«å¹…ã€‚,giaoehhefkmchjbbdnahgeppblbdejmj?hl=zh-TW,Mike Adblock for Chrome | Chrome å»£å‘Šå°é–ç¨‹å¼
use this tool to get ChatGPT responses from any messages on Telegram.,kijmncepdjeabghcjppndcgbogkfhbje?hl=zh-TW,ChatGPT for Telegram
Ghost in the Shell 1280x1024,kfpafgbicbdbbbppenfflapbbaeajbmi?hl=zh-TW,Ghost in the Shell 1280x1024
Hexar.io wallpapers bring your chrome a new look and useful tools,pbldahaimpbpnkphocpjngbhdkniiegf?hl=zh-TW,Hexar.io Wallpapers and New Tab
ğŸŒ¤ï¸ ä¸€æ¬¾å¤©æ°£æ’ä»¶ï¼Œå…·æœ‰æ¼‚äº®çš„å‹•æ…‹æ•ˆæœ,ibieofighcnndjcjchdahdiacjpmkhgf?hl=zh-TW,å¤©æ°£ - Weather
å»¶è¿Ÿå‘é€æ‚¨çš„é‚®ä»¶ï¼Œä¸€æ¬¡æˆ–æ¯Xä¸ªå°æ—¶/å¤©/æœˆ/å¹´é‡å¤å‘é€,nfkkaahokibjkbmoieakdcihjkifhfdo?hl=zh-TW,Gmailé‡å¤å‘é€é‚®ä»¶
,bnfhnpilkdoedflbfdejgdibdjdnilng?hl=zh-TW,Respond
Replace Youtube comments with Reddit comments or view the Reddit comments of any webpage.,amlfbbehleledmbphnielafhieceggal?hl=zh-TW,Comet - Reddit Comments on YouTube & Webpages
"Now you can play Hole.io Unblocked right on Chromeâ„¢ Browser! Offline and Popup Version, without internet required!",bacicbbedbgjonbafnmoekmploklfmao?hl=zh-TW,Hole.io Unblocked
çµ‚æ–¼å‡ºç¾äº†ï¼Œä¸€å€‹é«˜æ•ˆç‡çš„é˜»æ“‹å™¨ï¼Œä½¿ç”¨ä¸å¤šçš„ CPU åŠè¨˜æ†¶é«”è³‡æºã€‚,jhpheijfhpbkaejncokigfaihgdndjhg?hl=zh-TW,simpleBlock
"2023 Delete Facebookâ„¢ Activity - Posts, Comments, Messages, Photos, Videos in Bulk",pehigcimajndnpmoeocbhlhljodmlbgb?hl=zh-TW,ESUIT | Delete My Activity for Facebookâ„¢
å €èˆ‡å®®æ‘å£ç´™æ“´å±•ç¨‹åºé‡æ–°å®šç¾©äº†æ‚¨çš„Chromeæ–°æ¨™ç±¤é æˆç‚ºå €èˆ‡å®®æ‘çš„èƒŒæ™¯å£ç´™ã€‚å €èˆ‡å®®æ‘ç²‰çµ²çš„ä¸»é¡Œã€‚,kodkadcphgcomehahgjpofdnnpeojcpe?hl=zh-TW,å €èˆ‡å®®æ‘å£ç´™é«˜æ¸…
æ“´å……åŠŸèƒ½ç®¡ç†å™¨ï¼Œæ–¹ä¾¿ç®¡ç†æ‚¨çš„ç€è¦½å™¨æ“´å……åŠŸèƒ½,ppgddnjehcjghkjfijglbafaecmlompm?hl=zh-TW,æ“´å……åŠŸèƒ½ç®¡ç†å™¨ - IExtension
Chromeâ„¢çš„æœ‰è¶£é…·å…‰æ¨™ã€‚ä½¿ç”¨å¤§é‡å…è²»æ¸¸æ¨™æˆ–ä¸Šå‚³è‡ªå·±çš„æ¸¸æ¨™ã€‚,empjidjbllcmlgaobahepkijkfmfkjdb?hl=zh-TW,Chromeâ„¢é…·å…‰æ¨™
æå‡ ChatGPT ç¶²ç«™çš„ä½¿ç”¨é«”é©—ï¼Œæä¾›ä¸€äº›å¥½ç”¨åŠŸèƒ½ã€‚åƒæ˜¯è‡ªå‹•å¾ URL å¡«å…¥æç¤ºã€åœ¨å›æ‡‰çš„åœ°æ–¹å‡ºç¾è‡ªå‹•æç¤ºæŒ‰éˆ•ã€ä»¥åŠæ›´å¤šå¥½ç”¨åŠŸèƒ½é™¸çºŒæ¨å‡ºã€‚,maajhipghoemnnbjheblilajdkfgekcp?hl=zh-TW,å“ç‰Œé€è¦–é¡ ChatGPT æ“´å……åŠŸèƒ½
å°è‚¡æ¨™çš„åŠ©æ‰‹,dahknpnplkgjnedpconpajomkifhjibn?hl=zh-TW,å°è‚¡æ¨™çš„åŠ©æ‰‹
å°‡ç¶²é ä¸­æ‰€æœ‰ä¸­æ–‡å­—çš„å­—å‹éƒ½è½‰æ›ç‚ºã€Œå¾®è»Ÿé›…é»‘ã€ã€‚è¨˜å¾—åœ¨â€ŠChromeâ€Šå­—å‹é…ç½®ä¸­ï¼ˆé™¤äº†ç­‰å¯¬å­—ï¼‰é€šé€šå•Ÿç”¨é›…é»‘ã€‚Happy YaHeiï¼,jjeknnigbkhhilfjhoijbddeaihdpmdi?hl=zh-TW,åæ„›å¾®è»Ÿé›…é»‘å­—å‹
Dragon Ball Super 1366x768,dkblfaajngadeeoiekjejeffopnkndii?hl=zh-TW,Dragon Ball Super 1366x768
Mother's Day 1920X1080,anpoabdcaepcjekaapeededldjeaebgi?hl=zh-TW,Mother's Day 1920X1080
Shooter Virus! Virus is coming. Destroy them with your fingertip. Play right on your Chrome! Without internet.,kbffnfneghanfabldliokaahggdammpa?hl=zh-TW,Shooter Virus Unblocked
"Play Freehead Skate new generation, Offline version on your Google Chrome! Popup and without internet!",iaianeanbpegcplakaejpmjjacehfjbl?hl=zh-TW,Freehead Skate Unblocked
å€‹æ€§åŒ–ä½ çš„AIå°é®ä¸¦é€éæç¤ºè©å·¥ç¨‹é–‹ç™¼ç’°å¢ƒæ§‹å»ºä½ çš„æ™ºèƒ½é«”ã€‚,dopllopmmfnghbahgbdejnkebfcmomej?hl=zh-TW,ChatDev IDE: å»ºæ§‹æ‚¨çš„æ™ºèƒ½é«”
ä¸€é”®å®šä½ã€æ‰“å¼€ã€æ”¶è—æ ‡ç­¾é¡µï¼Œæ›´å¿«ã€æ›´ä¸“æ³¨çš„ç®¡ç†çª—å£é€‰é¡¹å¡ï¼ŒåŒæ—¶æ”¯æŒä¸€é”®ç ´è§£å¤šä¸ªç½‘ç«™å¤åˆ¶ã€‚,ojenpcpjmgokogndaimfcfokfjapohjd?hl=zh-TW,Tabtiby-æœ€å¥½çš„æ ‡ç­¾é¡µç®¡ç†å™¨
Stack Jump æ˜¯ä¸€æ¬¾å¾ˆé…·çš„æŠ€èƒ½éŠæˆ²ã€‚ è·³åˆ°å †ç–Šå¡Šï¼Œå»ºé€ å¯ä»¥æƒ³åƒåˆ°çš„æœ€å¤§çš„å¡”ï¼ é¿å…å¾å †æ£§ä¸­æ‰è½ã€‚ ç©å¾—é–‹å¿ƒï¼,pnobdeicmhmcbmcbjabgpnmjelalmaeg?hl=zh-TW,Stack Jump éŠæˆ² - é›¢ç·šé‹è¡Œ
åœ¨ Chrome ä¸­ä½¿ç”¨æ–°çš„ Bingã€‚ Bing Chat Chrome ç‰ˆ Bing Unchained,jfeemlljlgfhbahdlpjaldohmlgjdkik?hl=zh-TW,Bing Chat For Chrome Bing Unchained
"Block YouTubeâ„¢ ads, pop-ups & fight malware!",cfhdojbkjhnklbpkdaibdccddilifddb?hl=zh-TW,Adblock Plus - free ad blocker
é‡å¡‘Edgeç€è¦½å™¨èµ·å§‹é FreshInfo24ã€‚æä¾›æœ€æ–°å’Œæœ€æµè¡Œçš„è¦–é »ã€‚,jejngehhinjnbljkfafdgchadminneic?hl=zh-TW,Fresh Info 24
è§€è³å¯¦æ³æ™‚ï¼Œä»¥å½ˆå¹•å½¢å¼é¡¯ç¤ºèŠå¤©å®¤è¨Šæ¯ã€‚,mgahhhpmjdpnieacpcmjfegnoehameap?hl=zh-TW,Chat Danmaku
Parse FB comments/reactions/shares and import them into Luckydog Winner Generator,fhhappeemmamffhkmaebfhnimglfjkao?hl=zh-TW,Luckydog Winner Generator Tool 2020
Train your Times Tables. Train Your Brain. Train your mental math (Mathematics Grade 3). Learn your multiplication tables with thisâ€¦,cimincnokniofcakelgbeoohnnfnnikk?hl=zh-TW,Times Tables
Gain immediate access to a collection of striking Etsy product images with ease using this superlative photo downloading technology.,gbihcigegealfmeefgplcpejjdcpenbo?hl=zh-TW,Etsy Product Image Zipper
ç‚º Netflix åŠ ä¸Šé›™èªå­—å¹•ï¼,ociifpecaephgjmjlkepjmiemcjidbgn?hl=zh-TW,Netflix é›™èªå­—å¹•
"Puzzle Ball is a simple mind game where the player need to convert balls on board to from red color to black color, the gameâ€¦",gokoompmpgfpmabhoilhfjibfoedocfl?hl=zh-TW,puzzleBall
ç‚º Web æ‡‰ç”¨ç¨‹å¼å•Ÿç”¨IBMÂ® RationalÂ® Functional Tester - Web UI æ”¯æ´,pjjladfifbaokjdckiedipnkaemnjffa?hl=zh-TW,IBMÂ® RationalÂ® Functional Tester - Web UI
Harry Potter 1366x768,eifnenpclmbhinccieagedjiaphdbocj?hl=zh-TW,Harry Potter 1366x768
å†…ç½®Googleå’ŒGPT3.5çš„AIå¼•æ“çš„YouTubeå­—å¹•ç¿»è¯‘ç¥å™¨,bifndkhccndcnabjhllngpdapfakfcif?hl=zh-TW,TubeX: YouTube AIç¥å™¨(æ°¸ä¹…å…è´¹)
Gå¦¹éŠæˆ²ã€Šç«å½±å¿è€…ONLINEã€‹æ˜¯ä¸€æ¬¾äººæ°£å‹•ç•«ã€Šç«å½±å¿è€…ç–¾é¢¨å‚³ã€‹æ”¹ç·¨æ­£ç‰ˆæˆæ¬ŠRPGé éŠ,nopdkjcnbjjkabciolckjfpccaeccifo?hl=zh-TW,ç«å½±å¿è€…ONLINE
åœ¨æ–‡æœ¬æ¡†ä¸­å°‡ SCSS ç·¨è­¯ç‚º CSS æˆ–å¾æ–‡ä»¶ä¸­è®€å–/ç·¨è­¯,hbdlapkkpekpojoegickcoabmdmdbhjn?hl=zh-TW,SCSS åˆ° CSS
å°‡æ‚¨æ‰€æœ‰çš„æƒ³æ³•èˆ‡ç¶“é©—å„²å­˜åˆ° Evernote ä¸­ï¼Œç„¶å¾Œå¯å¾æ‚¨æ‰€ä½¿ç”¨çš„æ‰€æœ‰é›»è…¦èˆ‡æ‰‹æ©Ÿä¾†å­˜æ‚¨çš„å–æƒ³æ³•èˆ‡ç¶“é©—ã€‚,lbfehkoinhhcknnbdgnnmjhiladcgbol?hl=zh-TW,Evernote ç¶²é 
Yuki Nakano æ˜¯å¾æ¾³æ´²å¸ƒé‡Œæ–¯æœ¬ç™¼è·¡çš„æ—¥æœ¬è—è¡“å®¶ï¼Œä»¥ç¹ªè£½è¤‡é›œçš„æ‰‹ç¹ªæ’ç•«è¦‹é•·ã€‚å¥¹çš„ä¸»é¡Œã€ŠTropical Damaskã€‹æ˜¯ä»¥æ¾³æ´²æ˜†å£«è˜­å·ç¨ç«‹ 150 é€±å¹´ç‚ºå‰µä½œä¸»é¡Œã€‚,fgfdppaelgdcfommlnfgoofdemjednjo?hl=zh-TW,Yuki Nakano
The easiest way to access different search engines.,kpdkbemdpepjjppbfgeapjienologapa?hl=zh-TW,Search All
Play Geometry Dash Lite. The goal of the game is to reach the end of each level without crashing into any obstacles.,cjkonmdklmaegilioomkodlkocmipjac?hl=zh-TW,Geometry Dash Lite Unblocked
é–‹æ”¾åŸå§‹ç¢¼çš„ä½¿ç”¨è€…è…³æœ¬ç®¡ç†å™¨ï¼Œæ”¯æ´å¤šç¨®ç€è¦½å™¨,coinegbkpholhpicoglgamehmcogoagj?hl=zh-TW,LibertyBear
ç©Flappy 2048é›¢ç·šéŠæˆ²ã€‚é€™æ˜¯ä¸€æ¬¾æœ‰è¶£çš„éŠæˆ²ï¼Œå®ƒæ˜¯éé‰»æ“´å±• - ä¹Ÿå¯ä»¥åœ¨æ²’æœ‰äº’è¯ç¶²çš„æƒ…æ³ä¸‹ç©éŠæˆ²ï¼Œè«‹ç«‹å³å˜—è©¦ï¼,oilcofajjijagmdicdoceobegdmmeahd?hl=zh-TW,2048å¹´é³¥é³¥ç„¡éšœç¤™éŠæˆ²
Real-time screen sharing,kjnjkjjgnclpobbpdpdplbjjhdcnaoia?hl=zh-TW,C-Connection
Misyæä¾›å…è²»å¯è‡ªè¨‚çš„ã€Œä¸­æ–‡æ’ç¨‹çŸ­ç¶²å€ã€æœå‹™ï¼Œå¦å¤–é‚„æœ‰ã€Œå¤šé€£çµé é¢ã€æœå‹™ï¼Œæ­¡è¿å¤§å®¶è·Ÿæˆ‘ç°½è¨‚ç½ç½å¥‘ç´„ï¼Œæˆ‘æœƒç›¡åŠ›å¤šå­¸ä¸€äº›æ±è¥¿ä¾†æä¾›å¤§å®¶è¡ŒéŠ·å·¥å…·çš„æœå‹™ã„›~å–µ~à¸…â€¢Ï‰â€¢à¸…,klddeackmlocbdlhfacjocopggjengep?hl=zh-TW,Misyå’ªå–œæ•¸ä½è¡ŒéŠ·å·¥å…·
é‚‚é€…æ–‡æ¡ˆï¼Œç€è¦½ç¾åœ–ï¼Œå¿«é€Ÿè¨˜éŒ„ï¼Œéˆæ„Ÿä¸€è§¸å³ç™¼ã€‚æ–‡æ¡ˆäººå¿…å‚™çš„å·¥å…·ã€‚,mpejojclnbakefnlfmnkaaianojbicdk?hl=zh-TW,æ–‡æ¡ˆé–€ Â· å°æ’ä»¶
PPQ æ˜¯è‹±åœ‹çš„ä»£è¡¨æ€§å“ç‰Œï¼ŒæˆåŠŸå°‡æ™‚å°šèˆ‡æ—¥å¸¸ç”Ÿæ´»ç”¨å“çµåˆã€‚é€™å€‹å“ç‰Œçµåˆäº†ç©ä¸–ä¸æ­çš„ Pop Lux èˆ‡ Chic Cool é¢¨æ ¼ï¼Œå‰µé€ å‡ºçœŸæ­£åŸå‰µçš„ä½œå“ï¼Œè®“æ„›å¥½è€…èƒ½æ“æœ‰å€‹äººé¢¨æ ¼ä»¥åŠäº›è¨±çš„æ–æ»¾é¢¨æ ¼ã€‚,kmcplcebggimminoiheibhndgamccdgl?hl=zh-TW,PPQ
"Resize browser's window to mobile, desktion or custom sizes",ngkfilameneoanpmgjjjmlgaokpimipp?hl=zh-TW,1Click Resize Window
åœ¨ç·šè³¼è²·éŠæˆ²æ™‚ï¼Œè¼•é¬†ç¯€çœæ™‚é–“å’Œé‡‘éŒ¢ã€‚åœ¨ä¸€å€‹åœ°æ–¹æ¯”è¼ƒæœ€ä½³éŠæˆ²å„ªæƒ ï¼,fifbkhhgkgphkjjnjkgdfknbkkgapnca?hl=zh-TW,Fanatical PC éŠæˆ²åƒ¹æ ¼æ¯”è¼ƒ
"Do you enjoy a good movie? We certainly do.

We've taken upon ourselves to red-eye through hundreds of hours of top quality moviesâ€¦",alnfgpkpkfaphoidmkoaoljfookckhdl?hl=zh-TW,Movie Quotes Challenge!
ç‚ºBç«™æ’­æ”¾å™¨æä¾›å¿«æ·éµä»¥åŠèª¿æ•´é»˜èªç‹€æ…‹çš„åŠŸèƒ½ï¼Œå¦‚é—œé–‰å½ˆå¹•ã€æˆªåœ–ã€ç•«ä¸­ç•«ç­‰ã€‚,ffoljpljalicgkljioegejmigkkkincm?hl=zh-TW,å“”å“©å“”å“©(Bilibili)æ’­æ”¾å™¨æ“´å±•
Dragon Ball Super 1920X1080,nakegadolbcmacbgfjjiniimfiobkabi?hl=zh-TW,Dragon Ball Super 1920X1080
This sample shows how to request another app to be embedded.,ibfcacbcdfpfpobapelopmbmmldnmafl?hl=zh-TW,Sample Appview Host
Marc Ecko æ˜¯ç™½æ‰‹èµ·å®¶çš„è—è¡“å®¶ï¼Œç¾ä»» Marc Ecko Enterprises çš„è‘£äº‹é•·æš¨å‰µæ„ç¸½ç›£ã€‚ä»–åœ¨æœè£ã€å¤šåª’é«”ã€é›»ç©åŠæ…ˆå–„æ–¹é¢ï¼Œçš†å°å…¨çƒå¹´è¼•ä¸–ä»£æœ‰è‘—æ·±é çš„å½±éŸ¿ã€‚,opjonmehjfmkejjifhhknofdnacklmjk?hl=zh-TW,Marc Ecko
Spice up your browsing with fun cursors.,hfmndnjipdepgchjiihkdilgilgfgckf?hl=zh-TW,Wild life mouse cursors
è‡ªå‹•é ˜å–twitch.tvçš„ã€Œç‰¹æ®Šé¡å¤–çå‹µã€50é»å¿ èª é»æ•¸ï¼Œé‚„å¯ä»¥å¹«ä½ è¨˜éŒ„é ˜å–äº†å¤šå°‘é»å“¦ï¼,fchmanciglollaagnijpcagpofejennb?hl=zh-TW,Twitch Channel Point Auto Claimer
è§€è³å½±ç‰‡æ™‚è®“æ•´å€‹ç•«é¢è®Šæš—ï¼Œå½·å½¿ç½®èº«é›»å½±é™¢ã€‚é©ç”¨äº YouTubeâ„¢åŠä»¥ä¸Šã€‚,jfmfcimcjckbdhbbbbdemfaaphhgljgo?hl=zh-TW,é—œç‡ˆçœ‹å½±ç‰‡
å…è²»åœ¨ç·šç¿»è­¯ä¸¦åœ¨Googleé›²ç«¯ç¡¬ç›¤ä¸Šä¿å­˜ç¿»è­¯çµæœã€‚,comdcicjohldgbmbpcmedjcneaiicmna?hl=zh-TW,ç¿»è­¯æˆè‹±æ–‡
The best No Limit Texas Hold'em Poker Training Software. For novices or experts.,pealenjhjmckochlkkknpchldljinjod?hl=zh-TW,Poker Study
Slinky Brushed Reloaded,ohffgkndbaempjbddjbnelpocidlmepe?hl=zh-TW,Slinky Brushed Reloaded
"Plus dâ€™oublis de manuels, plus de livres dÃ©chirÃ©s, dâ€™images trop petites et de cartables trop lourdsâ€¦ 

Avec lâ€™applicationâ€¦",ondgkcilimfccckjgoggamdabcpifcam?hl=zh-TW,Lelivrescolaire.fr
è‡ªå®šç¾©æ‚¨çš„ Google Chrome æ–°æ¨™ç±¤é èƒŒæ™¯,hafdgamhnmiioimpcdhhbhgcjndgmphd?hl=zh-TW,IQ æ¨™ç±¤ - è‡ªå®šç¾©æ–°æ¨™ç±¤
Receive a message from a native application.,bkeaaolokgmbnlbdfkpkgoecllghjnmn?hl=zh-TW,éŠæˆ²æ©˜å­æ“´å……å…ƒä»¶
å…è²»å¥½ç”¨çš„æˆªåœ–åŠ©æ‰‹ï¼Œè¼•é¬†å¯¦ç¾æ•´é æˆªåœ–ã€å€åŸŸæˆªåœ–ã€æ­£æ–‡æˆªåœ–ã€å¯è¦–å€åŸŸæˆªåœ–ç­‰ï¼Œæ˜¯ä½ çš„ç¶²é æˆªåœ–å¥½å¹«æ‰‹,bkkkofmilenhmllncomknceafibcpgkc?hl=zh-TW,Circle æˆªåœ–åŠ©æ‰‹
ä»Youtubeâ„¢ä¸­ç§»é™¤è§†é¢‘å¹¿å‘Šã€‚,cmedhionkhpnakcndndgjdbohmhepckk?hl=zh-TW,Adblock for Youtubeâ„¢
a little game of bomberman,dkjnoppabgnjncjdnblgdegnbbihklpi?hl=zh-TW,bombermaaan
Useful timers for all your needs,kbajefidbakalojflbaojijekaomlidj?hl=zh-TW,Timer for Google Chromeâ„¢
æ¯ä¸ªç½‘ç«™çš„ç»å…¸é»‘æš—ä¸»é¢˜ã€‚ ä¸€é”®å°†ä»»ä½•ç½‘é¡µåˆ‡æ¢åˆ°æš—æ¨¡å¼æˆ–å¤œç­æ¨¡å¼ã€‚,omfeeokgnjnjcgdbppmnijlmdnpafmmp?hl=zh-TW,Dark Reader
ç‘å…‹å’Œè«è’‚å£ç´™æ“´å±•ç¨‹åºé‡æ–°å®šç¾©äº†æ‚¨çš„Chromeæ–°æ¨™ç±¤é æˆç‚ºç‘å…‹å’Œè«è’‚çš„èƒŒæ™¯å£ç´™ã€‚ç‘å…‹å’Œè«è’‚ç²‰çµ²çš„ä¸»é¡Œã€‚,nhfnjdfdiaiepebchkdghmcnkbnklfmg?hl=zh-TW,ç‘å…‹å’Œè«è’‚å£ç´™é«˜æ¸…
æ˜¾ç¤ºChatGPTä¸æœç´¢ç»“æœçš„å“åº”ã€‚é€‚ç”¨äºGoogleã€Bingç­‰ã€‚æ”¯æŒGPT-4å’Œæ‘˜è¦åŠŸèƒ½ã€‚,fbbjijdngocdplimineplmdllhjkaece?hl=zh-TW,ChitChat - ä½¿ç”¨ChatGPTæœç´¢
Mother's Day 1920X1080,odpabfjfbheionodkcjglonhoickaahe?hl=zh-TW,Mother's Day 1920X1080
"2023-10-17 v1.0.1

è¿½åŠ äº† 3.23 ç¥–éˆè¯ç›Ÿçš„æ›´æ–°ã€‚
* å®¶è£¡æ–°å¢äº†å¹¾ä½æˆå“¡ï¼Œæœ‰é­šã€æœ‰è›™ã€æœ‰èœ¥èœ´ï¼Œä»–å€‘éå¾—å¾ˆå¿«æ¨‚ã€‚
* å¸Œæœ›æœ‰ä¸€å¤©å¯ä»¥åœ¨å®¶ä¸Šç­ã€‚

---

ä½¿ç”¨ POE Ninjaâ€¦",gglmcnkdkmplojiepoigahmdkeegfgff?hl=zh-TW,POE Ninja ä¸­æ–‡åŒ–
ã€Bobitag ç‰‡æ®µå‰µä½œå¤§å¸«ã€‘ è®“ä½ åœ¨è§€çœ‹å½±ç‰‡çš„ç•¶ä¸‹ï¼Œä¸ç”¨é›¢é–‹Youtubeï¼Œç¬¬ä¸€æ™‚é–“è½‰æˆGIFæª”ï¼Œè¿…é€Ÿåˆ†äº«èˆ‡ä¸‹è¼‰ï¼æ­é…å…¶ä»–åŠ å€¼åŠŸèƒ½ï¼Œæ“ä½œç°¡å–®æ–¹ä¾¿åˆç›´è¦ºï¼Œæ˜¯æ‚¨ä¸å¯å¤šå¾—çš„å½±éŸ³å·¥å…·ï¼,ppfmnldfgjaohehipnlconehomehogan?hl=zh-TW,BobiTag
ä»¥ Chrome æ“´å……åŠŸèƒ½ç© Cookie Clicker åŸå§‹éŠæˆ² - ä¹Ÿå¯ä»¥åœ¨æ²’æœ‰ç¶²è·¯çš„æƒ…æ³ä¸‹ç©ï¼Œç«‹å³å˜—è©¦ï¼,kdpoepidbmjljpneoopafdmiokkgfffh?hl=zh-TW,é¤…ä¹¾å”±é¦–æ­ŒåŸå‰µéŠæˆ²
"Tired with old puzzle games like jigsaw puzzles, block puzzle, even legendary Tetris, Line or other puzzle games? So Unite puzzleâ€¦",iglljnipmlehmkaopjildkphcoeemhbf?hl=zh-TW,Unite Lite
stock,bgmkbhkdfocgghilpgkgbnphincclgko?hl=zh-TW,è‚¡æµ·å°å¹«æ‰‹
Current OTC 3293.TW Price on badge Icon,mjneebkfcpanfdgdebfmbdlbhnbnndhd?hl=zh-TW,OTC 3293.TW
ç©å°æˆ°éŠæˆ²ã€‚æˆ°çˆ­è¿·éœ§è¦è‡¨åˆ°ä½ ï¼ŒæŠŠå‹åˆ©çš„ç‹å’ŒåœŸåœ°ã€‚,efbgjfgijdlheiojdkofjcgcnpkggika?hl=zh-TW,æˆ°é¬¥éŠæˆ²
å¾Googleé›²ç«¯ç¡¬ç›¤æˆ–æœ¬åœ°è¨ˆç®—æ©ŸæŸ¥çœ‹DXFæ–‡ä»¶ã€‚,afldoemlfmlnpogifjjnngkpfogaamdm?hl=zh-TW,é©ç”¨æ–¼Google Driveâ„¢çš„AutoCAD Viewer
é¸æ“‡éœ€è¦é–±è®€çš„æ–‡å­—ï¼Œè®“Talking Webä¾†è®€çµ¦å¦³è½ï¼,hdeikpphnbclpacdjdjjkpmbcacopnog?hl=zh-TW,Talking Web
Sigerson Morrison å‰µç«‹æ–¼ 1991 å¹´ã€‚Kari Sigerson èˆ‡ Miranda Morrison åœ¨å°±è®€ FIT è¨­è¨ˆå­¸æ ¡æœŸé–“ç›¸è­˜ï¼Œå¥¹å€‘å°ç¾å­¸çš„æƒ³æ³•å¾ˆç›¸ä¼¼ï¼Œè€Œä¸”éƒ½é¾æƒ…æ–¼ç‚ºå–œæ­¡ç¨ç‰¹é¢¨æ ¼çš„æ™‚é«¦å¥³æ€§è¨­è¨ˆé‹æ¬¾èˆ‡é£¾å“.,hcpgmpfeoahblfncaooigccakcgngjbh?hl=zh-TW,Sigerson Morrison
å–®æ“Šè‡ªå‹•æŸ¥æ‰¾ä¸¦æ‡‰ç”¨å„ªæƒ åˆ¸ä»£ç¢¼ï¼Œç²å–åƒ¹æ ¼è·Ÿè¸ªå™¨ï¼Œåƒ¹æ ¼ä¸‹é™è­¦å ±ï¼Œæœ€è¿‘çš„åƒ¹æ ¼ä¸‹é™ç­‰åŠŸèƒ½,adikhbfjdbjkhelbdnffogkobkekkkej?hl=zh-TW,ç¿»è“‹ï¼šåƒ¹æ ¼è·Ÿè¸ªå™¨ç­‰ç­‰
Snappy æ¯å¤©ç‚ºæ‚¨æ”¾é€ç”± 1842 å¹´è‡³ä»Šè¶…é 500 å¼µçš„é¦™æ¸¯è¡—æ™¯ç›¸ç‰‡ã€‚,kjieibacnclikhbmjboepkfbmdkpgkoo?hl=zh-TW,Snappy æ¯å¤©æ”¾é€
åœ¨Aliexpressä¸ŠæŒ‰åœ–æœç´¢å•†å“,cbeoapjdmnlnakbchkmecilpflgbljnd?hl=zh-TW,åœ¨Aliexpressä¸ŠæŒ‰åœ–æœç´¢
åŒ…æ‹¬åœ–åƒæ”¾å¤§å™¨ã€ç…§ç‰‡å¢å¼·å™¨ã€åœ–åƒæ¨¡ç³Šè™•ç†ã€åœ–åƒæ”¾å¤§å™¨ã€ç…§ç‰‡è‘—è‰²å™¨ã€åœ–åƒéŠ³åŒ–å™¨ç­‰ã€‚,bhidkdphakccobnmmbalkoabicbhckpn?hl=zh-TW,ç…§ç‰‡æ¢å¾© - ç«‹å³æ¢å¾©ç…§ç‰‡
æŒæ¡é£„ç§»è—è¡“ï¼Œåœ¨èœ¿èœ’çš„æ—¥æœ¬å±±è·¯ä¸Šé€²è¡Œæ¿€çƒˆçš„æ¯”è³½ã€‚æº–å‚™å¥½è¿æ¥å……æ»¿è…ä¸Šè…ºç´ çš„å‹•ä½œï¼,mmafcnkdlakmbfihnhphfjgefggkocho?hl=zh-TW,æ¥µé™å³ æ¼‚ç§»è³½è»ŠéŠæˆ²
"Vine is the best way to see and share life in motion. Create short, beautiful, looping videos in a simple and fun way for yourâ€¦",plfjlfohfjjpmmifkbcmalnmcebkklkh?hl=zh-TW,Vine
"Site Blocker for Productivity, Parental Control, and Addiction Management: Protect Your Online Access with FocusShield",ohdkdaaigbjnbpdljjfkpjpdbnlcbcoj?hl=zh-TW,FocusShield
åœ¨ Google Mail æ”¶ä»¶åŒ£ä¸­é¡¯ç¤ºæœªè®€éƒµä»¶çš„æ•¸ç›®ã€‚æŒ‰ä¸€ä¸‹æŒ‰éˆ•ä¹Ÿå¯ä»¥é–‹å•Ÿæ”¶ä»¶åŒ£ã€‚,pbkplelomfmahlbhpekhcgebnhgknhjh?hl=zh-TW,Google Mail Checker
ä¸€éµåˆ·æ–°æ‰€æœ‰è¼‰å…¥å¤±æ•—çš„æ¨™ç±¤é ,appcnegdilpjeoablkihimpnhfbhdlne?hl=zh-TW,ä¸€éµé‡æ–°è¼‰å…¥å¤±æ•—æ¨™ç±¤é 
æª¢æŸ¥ç¶²é ç”±ä»€éº¼ç‰ˆæœ¬çš„Moodleæä¾›æŠ€è¡“æ”¯æ´ã€‚,chigdgclcjhpkdkkagijaffemaopnjla?hl=zh-TW,Version Check for Moodle
æ­¡è¿ä½¿ç”¨ Minecraft New Tab æ“´å……åŠŸèƒ½ï¼,nbkbaafmiooegfmjglgknmjipoijejmb?hl=zh-TW,Minecraft New Tab
çµ‚æ¥µç€è¦½å™¨æ“´å……å¥—ä»¶ã€‚å´é‚Šæ¬„ã€æ›¸ç±¤ã€ChatGptã€æ—¥æ›†ã€ä»»å‹™ã€å¾…è¾¦äº‹é …ã€ç•ªèŒ„é˜,fnfdomooadjpfohbepiaonnbdmkdjiog?hl=zh-TW,Meomni: å…¨èƒ½ç€è¦½å™¨åŠ©æ‰‹
,bhnalicdjolpcnobpboikbiifafhpefd?hl=zh-TW,Mikity3D Mobile
Tunnel Rush Unblocked Games 66 is best game you can play right on Chromeâ„¢! Popup and Offline!,bnilappbibbplojcnccfijamkoaemegl?hl=zh-TW,Tunnel Rush Unblocked Games 66
Access restricted content worldwide,npgimkapccfidfkfoklhpkgmhgfejhbj?hl=zh-TW,"BelkaVPN is VPN, Proxy to Unblock any sites"
å¼·å¤§çš„Telegramå¯¦æ™‚ç¿»è­¯æ’ä»¶ï¼Œæ”¯æŒé›™ç¿»è­¯å¼•æ“ï¼Œå¯ä»¥è‡ªå‹•ç¿»è­¯å’Œå¿«æ·éµç¿»è­¯ï¼ˆéå®˜æ–¹ï¼‰,cedgonoljngcmgghepnhclmlknbhhdko?hl=zh-TW,Telegramâ„¢å¯¦æ™‚ç¿»è­¯
"Play GunSpin Unblocked right on Chromeâ„¢ Browser! Offline and Popup Version, without internet required!",pjelmgmcdlpmiccepjmglonkpelhbeci?hl=zh-TW,GunSpin Unblocked Games
ä½ æ•¢ä¾†æŒ‘æˆ°é€™æ¬¾åˆºæ¿€çš„æ‰“ç£šå¡ŠéŠæˆ²å—ï¼Ÿ,ombldlpipcbipinjiiecaknffclicnpf?hl=zh-TW,Maya Brick Breaker
Meditate æ˜¯ä¸€æ¬¾å†¥æƒ³è¨ˆæ™‚å™¨ï¼Œå¯å¹«åŠ©æ‚¨åœ¨ä»»ä½•åœ°æ–¹é€²è¡Œå†¥æƒ³ã€‚å®ƒç°¡å–®ã€ç¾è§€ä¸”æ˜“æ–¼ä½¿ç”¨ã€‚,andfohanhajengikbobaoblbdkmlkicp?hl=zh-TW,å†¥æƒ³ - éš¨æ™‚éš¨åœ°å†¥æƒ³
ä»€éº¼å­—é«”ï¼Ÿ è¼•é¬†è­˜åˆ¥ç¶²é ä¸Šçš„å­—é«”ã€html å­—é«”å¤§å°ã€é¡è‰²å’Œå­—é«”ç³»åˆ—ã€‚,opogloaldjiplhogobhmghlgnlciebin?hl=zh-TW,What Font - å­—é«”æŸ¥æ‰¾å™¨
Floksiki - it's a small amusing animals drĞ°w by the magic illustrator Natasha Floksy.,cnpmmkodlamalkbkkppajkdlpffadego?hl=zh-TW,Floksiki
å³é”®å›¾ç‰‡å¦å­˜ä¸ºPNG/JPG/WebP.,emlllnmkpoigndgcippjedejjcjaleil?hl=zh-TW,SaveAs - å›¾ç‰‡å¦å­˜ä¸ºPNG/JPG/WebP
éŠç©ã€Œå½©è‰²éš§é“æœªå°é–ç‰ˆã€å…è²»Chromeæ“´å……åŠŸèƒ½-é‚„å¯ä»¥é›¢ç·šéŠç©ï¼Œç«‹å³è©¦è©¦å§ï¼,icldmmbgijegcglifopnllgpgmfdnoem?hl=zh-TW,ç„¡é˜»ç¤™ä¸”å…è²»çš„å½©è‰²éš§é“éŠæˆ²
,aogaihlmmmliegblnfjooiccdggomnil?hl=mr,Examen Contribuciones de personas fÃ­sicas
,hjoolodcmkhnbibedmjnajfgcagbmfgm?hl=mr,MY Access!
"à¤†à¤ªà¤²à¥à¤¯à¤¾à¤²à¤¾ à¤¹à¤¾ à¤µà¤¿à¤·à¤¯ à¤†à¤µà¤¡à¤¤ à¤…à¤¸à¤²à¥à¤¯à¤¾à¤¸, à¤¹à¥‡ à¤°à¥‡à¤Ÿ à¤•à¤°à¤¾
à¤¸à¤‚à¤ªà¥‚à¤°à¥à¤£ à¤à¤šà¤¡à¥€ (1080p) à¤¥à¥€à¤® à¤‰à¤¤à¥à¤¤à¤® à¤ªà¥à¤°à¤•à¤¾à¤°à¥‡ à¤¸à¤°à¥à¤µ à¤¸à¤¾à¤§à¤¨à¤¾à¤‚à¤µà¤° à¤ªà¥à¤°à¤¦à¤°à¥à¤¶à¤¿à¤¤ à¤¹à¥‹à¤ˆà¤²!",npmkemahagjjkgbpaconmhmbinfledfm?hl=mr,à¤¤à¥à¤Ÿà¤²à¥‡à¤²à¥€ à¤®à¤œà¤²à¤¾
"Did you know? you can fly, teleport, Interstellar travel, etc in a lucid dream.
The Lucid Dream Ideas is an app with a lot of funâ€¦",nkphpnihffdeaohedcgekgendkldkojn?hl=mr,Lucid Dream Ideas
"Jelly Truck is our best game you can play right on your browser, without internet, popup, relax and have fun!",pcdjmjojoddbmffkbheggochaebciihc?hl=mr,Jelly Truck
à¤¯à¤¾ à¤†à¤°à¥à¤•à¥‡à¤¡ à¤—à¥‡à¤®à¤®à¤§à¥à¤¯à¥‡ à¤¤à¥à¤®à¥à¤¹à¥€ à¤œà¤¿à¤¤à¤•à¥‡ à¤œà¤¾à¤¸à¥à¤¤ à¤¬à¥‰à¤²à¥à¤¸ à¤—à¥‹à¤³à¤¾ à¤•à¤°à¤¾à¤² à¤¤à¤¿à¤¤à¤•à¥à¤¯à¤¾ à¤²à¤µà¤•à¤° à¤¤à¥à¤®à¥à¤¹à¤¾à¤²à¤¾ à¤¨à¤µà¥€à¤¨ à¤ à¤¿à¤•à¤¾à¤£à¤‚ à¤¦à¤¿à¤¸à¥‚ à¤¶à¤•à¤¤à¤¾à¤¤.,odleejacpokjbfbnochlbdbdbkbaeldg?hl=mr,Color Stars Unblocked Game
à¤†à¤ªà¤²à¥à¤¯à¤¾à¤²à¤¾ à¤†à¤ªà¤²à¥à¤¯à¤¾ à¤ªà¥à¤°à¤¤à¤¿à¤¸à¥à¤ªà¤°à¥à¤§à¥à¤¯à¤¾à¤ªà¥‡à¤•à¥à¤·à¤¾ à¤œà¤¾à¤¸à¥à¤¤ à¤¸à¤‚à¤—à¥€à¤¤ à¤¸à¥à¤•à¥‹à¤…à¤° à¤®à¤¿à¤³à¤µà¤¾à¤µà¥‡ à¤²à¤¾à¤—à¤¤à¥€à¤² à¤†à¤£à¤¿ à¤†à¤ªà¤²à¥à¤¯à¤¾à¤²à¤¾ à¤¤à¥à¤¯à¤¾à¤²à¤¾ à¤Ÿà¥à¤°à¥…à¤•à¤µà¤° à¤ªà¤°à¤¾à¤­à¥‚à¤¤ à¤•à¤°à¤¾à¤µà¥‡ à¤²à¤¾à¤—à¥‡à¤².,ejdfjcpfnpobnpfkhplljnegkmehlbka?hl=mr,Music Battle Unblocked Game
Pocahontas Public Schools' Self-Service Help Desk System.,dcjcempdgkjedklhhfkhblnakgblobbl?hl=mr,PPSD Self-Servce Help Desk
"Now you can play Battle City Classic Game right on Chromeâ„¢ Browser! Offline and Popup Version, without internet required!",mgaoplldmbcohibpbdedomcadllhjcde?hl=mr,Battle City Classic Game
"à¤œà¤¾à¤¹à¤¿à¤°à¤¾à¤¤, à¤Ÿà¥à¤°à¥…à¤•à¤°, à¤ªà¥‰à¤ª-à¤…à¤ª à¤…à¤µà¤°à¥‹à¤§à¤¿à¤¤ à¤•à¤°à¤¾.",ggdpplfehdighdpleoegjefnpefgpgfh?hl=mr,AdBlock Max - à¤œà¤¾à¤¹à¤¿à¤°à¤¾à¤¤ à¤¬à¥à¤²à¥‰à¤•à¤°
My Hero Academia Boku No 1920X1080,gblanimnbihgdpflaclmekelokofhide?hl=mr,My Hero Academia Boku No 1920X1080
"Play Neon Bricks new generation, Offline version on your Google Chrome! Popup and Free without internet!",kjepmfjllielbolennkncdhienhbmnoh?hl=mr,Bricks Breaker Unblocked
"Porsche has developed numerous technologies that have advanced vehicle performance, improved safety and spurred environmentalâ€¦",gkclphmapdcppbmekmbkcjfanpmoidpg?hl=mr,Porsche
"Dark Souls a classic dark mode for every website. Dark Theme to switch website to dark reader, night shift mode, night and dailyâ€¦",jhhjdfldilccfllhlbjdlhknlfbhpgeg?hl=mr,Dark Souls
Shortcut to open LexiaPowerUp on Chromebooks at Gayle Middle,bkmjkmchhdagjiddfmojgjdcnljehohg?hl=mr,Lexia Power Up
"à¤†à¤ªà¤²à¥à¤¯à¤¾à¤²à¤¾ à¤¹à¤¾ à¤µà¤¿à¤·à¤¯ à¤†à¤µà¤¡à¤¤ à¤…à¤¸à¤²à¥à¤¯à¤¾à¤¸, à¤¹à¥‡ à¤°à¥‡à¤Ÿ à¤•à¤°à¤¾
à¤¸à¤‚à¤ªà¥‚à¤°à¥à¤£ à¤à¤šà¤¡à¥€ (1080p) à¤¥à¥€à¤® à¤‰à¤¤à¥à¤¤à¤® à¤ªà¥à¤°à¤•à¤¾à¤°à¥‡ à¤¸à¤°à¥à¤µ à¤¸à¤¾à¤§à¤¨à¤¾à¤‚à¤µà¤° à¤ªà¥à¤°à¤¦à¤°à¥à¤¶à¤¿à¤¤ à¤¹à¥‹à¤ˆà¤²!",cnajopajlpifmknagmneffheomekhfil?hl=mr,à¤¬à¥à¤²à¥‚ à¤µà¥‡à¤µà¥à¤¹à¤¸à¥
Cloud POS Solution,minmhfnfgkmcnjlciggaobbpabamhbje?hl=mr,BlueChip Epos
The app blocks ads on Youtube,gfplodojgophcijhbkcfmaiafklijpnf?hl=mr,Spark blocker
"à¤à¤•à¤¾ à¤•à¥à¤²à¤¿à¤•à¤µà¤° à¤¸à¥à¤µà¤¯à¤‚à¤šà¤²à¤¿à¤¤à¤ªà¤£à¥‡ à¤•à¥‚à¤ªà¤¨ à¤•à¥‹à¤¡ à¤¶à¥‹à¤§à¤¾ à¤†à¤£à¤¿ à¤²à¤¾à¤—à¥‚ à¤•à¤°à¤¾, à¤•à¤¿à¤‚à¤®à¤¤ à¤Ÿà¥à¤°à¥…à¤•à¤°, à¤•à¤¿à¤‚à¤®à¤¤ à¤¡à¥à¤°à¥‰à¤ª à¤…à¤²à¤°à¥à¤Ÿ, à¤…à¤²à¥€à¤•à¤¡à¥€à¤² à¤•à¤¿à¤‚à¤®à¤¤ à¤¥à¥‡à¤‚à¤¬ à¤†à¤£à¤¿ à¤¬à¤°à¥‡à¤š à¤•à¤¾à¤¹à¥€ à¤¯à¤¾à¤¸à¤¾à¤°à¤–à¥‡â€¦",adikhbfjdbjkhelbdnffogkobkekkkej?hl=mr,à¤«à¥à¤²à¤¿à¤ªà¤¶à¥‰à¤ª: à¤•à¤¿à¤‚à¤®à¤¤ à¤Ÿà¥à¤°à¥…à¤•à¤° à¤†à¤£à¤¿ à¤¬à¤°à¥‡à¤š à¤•à¤¾à¤¹à¥€
à¤à¤• à¤‰à¤¤à¥à¤•à¥ƒà¤·à¥à¤Ÿ à¤Ÿà¤¾à¤‡à¤®à¤°. à¤µà¤¾à¤ªà¤°à¤£à¥à¤¯à¤¾à¤¸ à¤¸à¥‹à¤ª. à¤œà¤²à¤¦ à¤†à¤£à¤¿ à¤µà¤¿à¤¶à¥à¤µà¤¸à¤¨à¥€à¤¯ à¤¸à¥à¤Ÿà¥‰à¤ªà¤µà¥‰à¤š.,eedabbfjpacefmdfbjcploljmhlgkcph?hl=mr,à¤¸à¥à¤Ÿà¥‰à¤ªà¤µà¥‰à¤š
App fÃ¶r att endast kÃ¶ra Google Classroom,adhgdoockjlhjndjcncohddfabcbkpdm?hl=mr,OnlyClass
Unleash the power of sound on your browser! Increase volume to max level and control the it of any tab.,biajbiiinplkgfejipbagnfmbianbfkd?hl=mr,Sound Booster
à¤¯à¤¾ à¤•à¤¾à¤° à¤¡à¥à¤°à¤¾à¤¯à¤µà¥à¤¹à¤¿à¤‚à¤— à¤—à¥‡à¤®à¤®à¤§à¥à¤¯à¥‡ à¤Ÿà¥à¤°à¥…à¤«à¤¿à¤•à¤®à¤§à¥à¤¯à¥‡ à¤µà¤¾à¤¹à¤¨à¤¾à¤‚à¤®à¤§à¥‚à¤¨ à¤µà¤¾à¤¹à¤¨ à¤šà¤¾à¤²à¤µà¥‚à¤¨ à¤‰à¤šà¥à¤š à¤—à¥à¤£ à¤®à¤¿à¤³à¤µà¤¾.,pjlmdjaljjgjihaohddolhnijjjmmffo?hl=mr,Crazy Driving Online
à¤†à¤ªà¤£ à¤…à¤œà¥à¤à¤¾à¤¤ à¤§à¤¾à¤¡à¤¸ à¤®à¤¾à¤¸à¥à¤Ÿà¤° à¤†à¤¹à¥‡à¤¤ à¤†à¤£à¤¿ à¤¤à¥à¤®à¤šà¥‡ à¤§à¥à¤¯à¥‡à¤¯ à¤¸à¤¾à¤§à¥à¤¯ à¤¹à¥‰à¤²à¥€à¤µà¥‚à¤¡à¤šà¤¾ à¤•à¥à¤°à¤¿à¤¯à¤¾ à¤šà¤¿à¤¤à¥à¤°à¤ªà¤Ÿ à¤œà¤— à¤œà¤¿à¤‚à¤•à¤¤à¤¾ à¤†à¤¹à¥‡.,npfnoglfkefpidbecofbikokkjfbnckh?hl=mr,Stunt Master
This is our best of the best collection of I Love You quotes.,pblidionkphgholbnneonkkikpldfbjo?hl=mr,Best I Love You Quotes list
à¤ªà¥à¤²à¥…à¤Ÿà¤«à¥‰à¤°à¥à¤®à¤µà¤° à¤«à¤¿à¤°à¤¤à¤¾à¤¨à¤¾ à¤¹à¤¿à¤°à¥‡ à¤—à¥‹à¤³à¤¾ à¤•à¤°à¥‚à¤¨ à¤ªà¥à¤²à¥…à¤Ÿà¤«à¥‰à¤°à¥à¤®à¤µà¤°à¥‚à¤¨ à¤–à¤¾à¤²à¥€ à¤ªà¤¡à¤£à¥à¤¯à¤¾à¤šà¤¾ à¤ªà¥à¤°à¤¯à¤¤à¥à¤¨ à¤•à¤°à¤¾à¤¯à¤²à¤¾ à¤¹à¤µà¤¾.,nmpnfogdlnchbikjmnchoaofdkegkhmi?hl=mr,Mine Rusher Arcade Game Online
"à¤•à¥‹à¤£à¤¤à¥à¤¯à¤¾à¤¹à¥€ à¤µà¥‡à¤¬à¤ªà¥ƒà¤·à¥à¤ à¤¾à¤µà¤°à¥€à¤² à¤˜à¤Ÿà¤• à¤ªà¥à¤¨à¥à¤¹à¤¾ à¤µà¤¾à¤ªà¤°à¤£à¥à¤¯à¤¾à¤¯à¥‹à¤—à¥à¤¯ à¤µà¥‡à¤¬ à¤˜à¤Ÿà¤• à¤®à¥à¤¹à¤£à¥‚à¤¨ à¤•à¥‰à¤ªà¥€ à¤•à¤°à¤¾. HTML, CSS, React, JSX à¤•à¤¿à¤‚à¤µà¤¾ Tailwind CSS à¤•à¥‹à¤¡ à¤®à¤¿à¤³à¤µà¤¾.",okpadhgilncoodafepkdmlneojcehclf?hl=mr,DivMagic - à¤•à¥‰à¤ªà¥€ à¤¶à¥ˆà¤²à¥€
"à¤†à¤ªà¤£ à¤¹à¤¾ à¤µà¤¿à¤·à¤¯ à¤†à¤µà¤¡à¤¤ à¤…à¤¸à¤²à¥à¤¯à¤¾à¤¸, à¤¤à¥‹ à¤°à¥‡à¤Ÿ.
à¤¸à¤‚à¤ªà¥‚à¤°à¥à¤£ à¤à¤šà¤¡à¥€ (1080p) à¤¥à¥€à¤® à¤‰à¤¤à¥à¤¤à¤® à¤ªà¥à¤°à¤•à¤¾à¤°à¥‡ à¤¸à¤°à¥à¤µ à¤¸à¤¾à¤§à¤¨à¤¾à¤‚à¤µà¤° à¤ªà¥à¤°à¤¦à¤°à¥à¤¶à¤¿à¤¤ à¤¹à¥‹à¤ˆà¤²!",iaiinkeaadoimejnkinacgialaijgdhe?hl=mr,à¤…à¤®à¥‚à¤°à¥à¤¤ à¤¥à¥€à¤®
An example of using Social Wall as a Chrome Kiosk App. Social Wall is a social media tool that displays your social postsâ€¦,pgdleobbigejdgicodiplagmnipinoac?hl=mr,Social Wall Demo
å…è´¹åœ¨çº¿è§†é¢‘ä¸‹è½½å™¨,jgnmjneeijibhhcocpgndoigpbmilkof?hl=mr,å…è´¹åœ¨çº¿è§†é¢‘ä¸‹è½½å™¨Plus
"à¤†à¤ªà¤£ à¤¹à¤¾ à¤µà¤¿à¤·à¤¯ à¤†à¤µà¤¡à¤¤ à¤…à¤¸à¤²à¥à¤¯à¤¾à¤¸, à¤¤à¥‹ à¤°à¥‡à¤Ÿ.
à¤¸à¤‚à¤ªà¥‚à¤°à¥à¤£ à¤à¤šà¤¡à¥€ (1080p) à¤¥à¥€à¤® à¤‰à¤¤à¥à¤¤à¤® à¤ªà¥à¤°à¤•à¤¾à¤°à¥‡ à¤¸à¤°à¥à¤µ à¤¸à¤¾à¤§à¤¨à¤¾à¤‚à¤µà¤° à¤ªà¥à¤°à¤¦à¤°à¥à¤¶à¤¿à¤¤ à¤¹à¥‹à¤ˆà¤²!",folekafmmnblfecepnlajjpjmomnhpki?hl=mr,à¤…à¤®à¥‚à¤°à¥à¤¤ à¤¥à¥€à¤®
,pjffdkgkhjkbhgifalfegmipaflhgmno?hl=mr,Whack a Gopher
"Ğ¸Ğ½Ñ„Ğ¾Ñ€Ğ¼Ğ°Ñ†Ğ¸Ğ¾Ğ½Ğ½Ñ‹Ğ¹ ĞºĞ¸Ğ¾ÑĞº ĞœĞ‘ĞĞ£ Ğ”Ğ ""Ğ¡Ñ‚Ğ°Ğ½Ñ†Ğ¸Ñ ÑĞ½Ñ‹Ñ… Ñ‚ĞµÑ…Ğ½Ğ¸ĞºĞ¾Ğ²"" Ğ³. Ğ£ÑÑÑƒÑ€Ğ¸Ğ¹ÑĞº",nknnjjolokdlfmiddgnlfadkhebngddb?hl=mr,Ğ˜Ğ½Ñ„Ğ¾Ñ€Ğ¼Ğ°Ñ†Ğ¸Ğ¾Ğ½Ğ½Ñ‹Ğ¹ ĞºĞ¸Ğ¾ÑĞº ĞœĞ‘ĞĞ£ Ğ”Ğ Ğ¡Ğ®Ğ¢
A fun idle clicker game about a simple guy willing to become a Custom Cursor hero Cursor-Man and his entertaining adventures.,felflkndljbjehhgadcfmijcoamhhngl?hl=mr,Custom Cursor-Man: Hero's Rise - Idle Game
"Bright VPN desktop app remote controller. Bright VPN is easy to use, no email or credit card is required to use the VPN proxy.",fbffombkfihfokifmkihbddiafipndnb?hl=mr,Bright VPN - Secure Private & Free VPN Proxy
The Witcher 3 Wild Hunt 1920X1080,ajldfmjohmomaggfgkpnpjnpkahlcimi?hl=mr,The Witcher 3 Wild Hunt 1920X1080
Get Ready to Relive Your Childhood Memories with Tetris Classic - The Ultimate Retro Game Experience!,pmlcjncilaaaemknfefmegedhcgelmee?hl=mr,Tetris Classic
"YouTube, tidy + smart? Youtube video youtube player size youtube color ad skip speed volume channel skipper tags playlist hide",bnomihfieiccainjcjblhegjgglakjdd?hl=mr,'Improve YouTube!' ğŸ§ (for YouTube & Videos)
Mother's Day 1366x768,nepdncdcobeecnafhambhodfcikppgpf?hl=mr,Mother's Day 1366x768
"I am a Digital content producer from Cape Town, South Africa. Specialising in Web design, eBook production, graphic design,â€¦",ibkfmnbhefbpdebkeknmlbdeeonalpmm?hl=mr,Martin Endemann
à¤¤à¥à¤®à¥à¤¹à¥€ à¤µà¥‡à¤¬ à¤¬à¥à¤°à¤¾à¤‰à¤ à¤•à¤°à¤¤à¤¾à¤¨à¤¾ à¤¸à¤¹à¤œ à¤­à¤¾à¤·à¤¾à¤‚à¤¤à¤°à¥‡ à¤ªà¤¹à¤¾. AG à¤­à¤¾à¤·à¤¾à¤‚à¤¤à¤° à¤•à¤¾à¤°à¥à¤¯à¤¸à¤‚à¤˜à¤¾à¤¦à¥à¤µà¤¾à¤°à¥‡.,bincmiainjofjnhchmcalkanjebghoen?hl=mr,AG à¤­à¤¾à¤·à¤¾à¤‚à¤¤à¤°
Slope as a ball that must navigate a variety of obstacles in the entertaining and hard 3D game called Slope,kancegcecncaedjojodjohngnbagakco?hl=mr,Slope Unblocked
è®“äº¤å¤§çš„ç¶²é è®Šå¾—æ›´å¥½ç”¨ã€‚,acahdkmldidehhcandfnccicjgomlpkh?hl=zh-TW,NCTU Awesome
"Quickly export ,extract and backup your WhatsApp contacts by various dimensions such as Contacts, Chats, Groups, Labels, andâ€¦",kfjafldijijoaeppnobnailkfjkjkhec?hl=mr,Bulk WhatsApp Groups and Labels Exporter - wabulk.net
è§£æ±ºå…¨å®¶åº—åˆ°åº—åˆ—å°æ¨™ç±¤çš„ç‰ˆé¢å•é¡Œ,kompenmcjlopoecgddnebmjfiaenopcl?hl=zh-TW,å…¨å®¶åº—åˆ°åº—åˆ—å°å°å¹«æ‰‹
è®“ç¶²é é…è‰²æ›´é©åˆçœ¼ç›é–±è®€ æä¾›å¤šç¨®é…è‰²çµ„åˆä¾›åƒè€ƒ,fafngnnaicjaodmdeekbnboekddgiohe?hl=zh-TW,èˆ’é©é–±è®€
å¯ä»¥åœ¨V-cube Meeting 5ç€è¦½å™¨ç‰ˆæœ¬ä¸­ä½¿ç”¨ç•«é¢å…±ç”¨åŠŸèƒ½ã€‚,efjcnbalbebonahihmmofdheckohdgfl?hl=zh-TW,V-CUBE Screen Share
"Now you can play Talking Tom Unblocked right on Chromeâ„¢ Browser! Offline and Popup Version, without internet required!",hgjhjemaknhfmaloifdojpjlemonimkc?hl=zh-TW,Talking Tom Unblocked
ä¾›å–œå¥½è‡ªè¨‚çš„ä½¿ç”¨è€…ä½¿ç”¨çš„å¿«é€Ÿæ’¥è™Ÿï¼ˆåˆç¨±è¦–è¦ºåŒ–æ›¸ç±¤ï¼‰ã€‚ä¸”å¯åœ¨è£ç½®é–“å…è²»é›²ç«¯åŒæ­¥ã€‚æ²’æœ‰å»£å‘Šï¼,imfeikbeimbfpmgfkkmjekabdehiiajc?hl=zh-TW,Group Speed Dial
Let Jira be cool,geaokmikfnlagcafdoncanagegopiphp?hl=zh-TW,Jira Killer
"(Only for Chrome OS)

ÎˆÎ½Î±Ï‚ ÎºÎ±Ï„Î±Î¹Î³Î¹ÏƒÎ¼ÏŒÏ‚ Î¹Î´ÎµÏÎ½ (brainstorming) Î¼Îµ Ï†Î±Î½Ï„Î±ÏƒÎ¯Î± ÎºÎ±Î¹ Î´Î·Î¼Î¹Î¿Ï…ÏÎ³Î¹ÎºÏŒÏ„Î·Ï„Î±. Î‘Î½Î¿Î¹Ï‡Ï„ÏŒÏ‚ ÏƒÎµ ÏŒÏƒÎ¿Ï…Ï‚ Î¸Î­Î»Î¿Ï…Î½ Î½Î±â€¦",kfjhplbiajjmjiacpljgjjpjennanedc?hl=zh-TW,The Brainstorming
ä¸‡èƒ½çš„è§†é¢‘ä¸‹è½½ç¥å™¨ï¼Œå…è´¹å¹¶ä¸”å¿«é€Ÿçš„ä¸‹è½½è§†é¢‘,opaeifhglddinphkdjhbpiacjamieboe?hl=zh-TW,ä¸‡èƒ½è§†é¢‘ä¸‹è½½å·¥å…·
thunder ext,dcjgbnkbhbpffkkhbbeojamajkpcaapo?hl=zh-TW,thunder
æ‰“é–‹ç€è¦½å™¨é–±è®€æ¯æ—¥é ­æ¢æ–°è! æ­¤é™„åŠ å…ƒä»¶æœƒè‡ªå‹•å°‡ tw.yahoo.com è¨­å®šç‚ºæ‚¨çš„é¦–é åŠæ–°åˆ†é é è¨­é é¢.,jdanfkhnfpagoijgfmklhgakdicpnfil?hl=zh-TW,Yahooå¥‡æ‘©é¦–é 
Seacrhes the selected text on pedia,ejgnpjafmijofabmhmgfdjijlpcodhdl?hl=zh-TW,åœ‹å­—ç­†é †å³éµæœ
Dragon Ball Super 1366x768,aipmchinillcnmjkcfdbmlpjpihjaehf?hl=zh-TW,Dragon Ball Super 1366x768
FaceArtæ˜¯ä¸€æ¬¾å¼ºå¤§çš„AIæ¢è„¸æ’ä»¶ï¼Œè¿ç”¨AIæŠ€æœ¯ä¸€é”®ç”Ÿæˆæ¢è„¸å›¾ç‰‡ï¼,aabfpcmijdbilcmhnakjmoebdnmkoiii?hl=zh-TW,FaceArt - AIæ¢è„¸ä¸“ä¸šç‰ˆ
"Go full screen with one click on the full screen button. That includes also the full screen movies such as YouTube, Vimeo, etc.",gmimocjjppdelmhpcmpkhekmpoddgima?hl=zh-TW,Full Screen for Google Chrome
é€™æ˜¯æ–¹ä¾¿ä½¿ç”¨è¡¨æƒ…ç¬¦è™Ÿç™¼ç”Ÿå™¨çš„æ“´å±•ã€‚,ghbhakkknnmocmiilhneahbkiaegdnmf?hl=zh-TW,è¡¨æƒ…ç¬¦è™Ÿç™¼ç”Ÿå™¨
League of Legends Ahri 1920X1080,fhjfllekoipedpidkicjdljgnipdnfmg?hl=zh-TW,League of Legends Ahri 1920X1080
å¾ YouTube ä¸­åˆªé™¤æ‰€æœ‰ç…©äººçš„å»£å‘Šå’Œæ©«å¹…ï¼,mlolgpcecboccnknllkhfdafmphinbon?hl=zh-TW,Mytube ç‚ºäº† Youtubeâ„¢
ä¸€éµå¼SEOæ“´å±•ã€‚ å¿«é€Ÿè¨ªå•SEOåˆ†æã€‚ åŠŸèƒ½ï¼šç¶²ç«™ç´¢å¼•é é¢ï¼Œåå‘éˆæ¥ï¼ŒAlexaï¼ŒIPï¼ŒSEOçµ±è¨ˆå’ŒSEOå·¥å…·ã€‚,femogmcmjpjkokoojcljkpfdifkpbbpp?hl=zh-TW,"SEO Site Tools, Site Analysis"
"æ–¹ä¾¿çš„åœ¨ç·šå·¥å…·ç®±,å°ˆç‚ºé–‹ç™¼è€…è¨­è¨ˆï¼",ehbfkcepbjbhjiilmhnjcomjegnpcjoc?hl=zh-TW,IT Toolså·¥å…·ç®±
å°‡ä¸€å€‹å®Œæ•´çš„é é¢ä¿å­˜åˆ°å–®å€‹ HTML æ–‡ä»¶ä¸­,mpiodijhokgodhhofbcjdecpffjipkle?hl=zh-TW,SingleFile
ä½œç‚º Chrome æ“´å……åŠŸèƒ½ç© Tunnel Rush å®˜æ–¹éŠæˆ² - ä¹Ÿå¯ä»¥åœ¨æ²’æœ‰ç¶²è·¯çš„æƒ…æ³ä¸‹ç©ï¼Œç«‹å³å˜—è©¦ï¼,nopbjhjblmedfmllehmhncdblenlbkpp?hl=zh-TW,éš§é“è¡åˆºå®˜æ–¹éŠæˆ²
ä¸‹è¼‰ç”¨æ–¼Googleæ“´å±•çš„Chatgptä»¥å¢å¼·æœç´¢çµæœ,pjhdflpjemjalkidecigcjcamkbllhoj?hl=zh-TW,Googleçš„CHATGPT
é¡¯ç¤ºç•¶å‰å®œå®¶ç”¢å“æ‰€æœ‰å€åŸŸçš„åº«å­˜ç‹€æ³,hjdnnkppfadnemodjjnbacnagkgbhekm?hl=zh-TW,IKEA Stock Availability Checker (å®œå®¶åº«å­˜å¿«é€ŸæŸ¥è©¢)
Fairy Tail 1366x768,lpeinacjoaifbmlkaoibfkdioicbcpjp?hl=zh-TW,Fairy Tail 1366x768
