00935112000P_noseller_00935112000_sears,Craftsman,Craftsman 3-Drawer Portable Tool Chest - Red,00935112000P,129.99,59.99,4.5
A075482002_noseller_00968641000_sears,Craftsman,Craftsman 41&#8221; 7 Drawer Cabinet,A075482002,1249.99,599.99,3.5
A118392399_factorydirectsale_SPM16276239024_fbm,Costway,Costway High Capacity 6-Drawer Rolling Tool Chest Storage Cabinet Toolbox Combo with Riser,A118392399,344.99,219.00,4.5
00937537000P_noseller_1_sears,Craftsman,Craftsman 13-in and 18-in Tool Bag Set,00937537000P,39.99,14.99,4.5
A108332872_noseller_00910986000_sears,Craftsman,Craftsman 52 in. 11-Drawer Rolling Tool Cabinet,A108332872,1499.99,749.99,0
A075482000_noseller_00968640000_sears,Craftsman,Craftsman 41&#8221; 6 Drawer Chest,A075482000,749.99,259.99,4.0
A108507351_noseller_00910889000_sears,DieHard,DieHard 26&#8221; Bottom Rollaway Chest with 4 Drawers,A108507351,499.99,199.99,0
A108507250_noseller_00910886000_sears,DieHard,DieHard 26&#8221; Top Chest with 4 Drawers,A108507250,299.99,139.99,4.0
A105187085_noseller_00910983000_sears,Craftsman,Craftsman 48 in. Adjustable Height Workbench with Pegboard and LED Light,A105187085,499.99,199.99,4.5
A098857837_Gymax_1_fbm,Gymax,Gymax 2 in 1 Rolling Garage Toolbox Storage Chest Cabinet Organizer w/ 6 Drawers Red,A098857837,219.99,179.95,5.0
A108332795_noseller_00910985000_sears,Craftsman,Craftsman 52 in. 6-Drawer Tool Chest,A108332795,1099.99,399.99,0
A118407054_factorydirectsale_SPM16276243924_fbm,Costway,Costway 2 in 1 Rolling Cabinet Storage Chest Box Garage Toolbox Organizer with 6 Drawers,A118407054,299.99,189.00,0
A078393758_Gymax_SPM11542403813_fbm,Gymax,Gymax High Capacity 6-Drawer Rolling Tool Chest Storage Cabinet Toolbox Combo w/ Riser,A078393758,249.99,209.95,1.0
A098842256_toolsmithdirect_1_fbm,Powerbuilt,Powerbuilt 26 Inch Rapid Box Portable Slant Front Power Tool Grey Locker Box - 941805E,A098842256,649.99,649.99,0
A025336352_noseller_1_sears,Craftsman,Craftsman 19-in Toolbox with Tray - Black/Red,A025336352,49.99,24.99,4.0
A082469175_growkart_1_fbm,Manhattan Comfort,"Manhattan Comfort Fortress Rolling 2 Door Garage Storage Cabinet, Black/Gray",A082469175,325.72,278.17,0
SPM15447275007_10669618_SPM12690565116_fbm,The Original Pink Box,"The Original Pink Box PB218MC 18"" 2-Drawer  Mini Chest, Pink",SPM15447275007,203.52,203.52,0
A102861918_factorydirectsale_SPM15509044724_fbm,Costway,Costway Three Tray Rolling Tool Cart Mechanic Cabinet Storage ToolBox Organizer w/Drawer,A102861918,194.99,129.99,0
A088531393_factorydirectsale_SPM15666863824_fbm,Costway,Costway 6-Drawer Rolling Tool Chest Storage Cabinet w/Riser Red,A088531393,344.99,229.99,0
A030969977_Gymax_SPM11373529113_fbm,Gymax,"Gymax 6-Drawer Rolling Tool Chest Removable Tool Storage Cabinet with Sliding Drawers, Keyed Locking System Toolbox Organizer (Black)",A030969977,229.99,189.95,0
A027535251_Gymax_SPM11334458513_fbm,Gymax,Gymax 2-in-1 Rolling Tool Box Set Mobile Tool Chest Storage Organizer Portable Black,A027535251,99.99,79.95,0
A102861077_factorydirectsale_SPM15509044824_fbm,Costway,Costway Three Tray Rolling Tool Cart Mechanic Cabinet Storage ToolBox Organizer w/Drawer,A102861077,194.99,129.99,0
A023369289_factorydirectsale_SPM15074893824_fbm,Costway,Costway Rolling Mechanics Tool Cart Slide Top Utility Storage Cabinet Organizer 2 Drawer,A023369289,299.99,199.99,0
A115126442_ishopdirect_SPM9283246029_fbm,5S Supplies LLC,"5S Supplies LLC 5S TOOL BOX SHADOW FOAM ORGANIZERS ( 2 COLOR) FITS CRAFTSMAN WATERLOO and HUSKY TOOL CHESTS (10.625"" x 22.25"", Black",A115126442,62.52,52.54,0
A099703827_ishopdirect_SPM9175551023_fbm,Craftsman,Craftsman 3-Drawer Metal Portable Chest Toolbox Red,A099703827,155.69,128.67,0
A024136472_Unbeatablesale_SPM13219951303_fbm,Homecare Products,Homecare Products 24-Drawer Plastic Storage Cabinet,A024136472,164.64,71.28,0
A113363062_Unbeatablesale_SPM13468625903_fbm,PinPoint,PinPoint Socket Tray Six Pack Assortment,A113363062,151.42,69.26,0
A114492167_ishopdirect_SPM9277971429_fbm,Atripark,"Atripark Metal Storage Cabinets with Locking Doors, Lockable 42"" Steel Storage Cabinet with 2 Doors and 2 Adjustable Shelves, Black",A114492167,144.72,123.69,0
A023992385_Unbeatablesale_SPM13300681103_fbm,tool,tool 3-4 Ton Chain Come A Long,A023992385,376.69,157.81,0
A118994082_factorydirectsale_SPM16288403424_fbm,Costway,Costway 3-Tier Metal Utility Cart 400 lbs Storage Service Trolley Tool Storage Red,A118994082,104.99,69.99,0
A041152079_Unbeatablesale_1_fbm,Klein Tools,Klein Tools 409-ET310 Digital Circuit Breaker Finder with GFCI Outlet Tester,A041152079,163.57,70.00,4.5
A076635166_noseller_00968778000_sears,Craftsman,Craftsman 72inch 15 Drawer Mobile Trolley,A076635166,1999.99,1499.88,1.0
00958645000P_noseller_00958645000_sears,Craftsman,"Craftsman 41"" 4-Drawer Heavy-Duty Top Chest - Red",00958645000P,275.99,275.99,4.5
A105187082_noseller_00959021000_sears,Craftsman,Craftsman 36 in. 2-Door Tall Cabinet,A105187082,649.99,399.99,0
A075481997_noseller_00968758000_sears,Craftsman,Craftsman 56&#8221; 10 Drawer Rolling Cabinet with Wood Top - Red,A075481997,1599.99,999.88,5.0
A086656385_Unbeatablesale_1_fbm,Her Hardware,Her Hardware 38231 Metal Tool Box,A086656385,104.42,51.48,0
A108507352_noseller_00910884000_sears,DieHard,DieHard 42&#8221; Top Chest with 4 Drawers,A108507352,589.99,299.88,0
SPM10965519025_growkart_SPM14973726732_fbm,Milwaukee,Milwaukee Bag 23x12x12nch Heavy Duty Canvas Tool Bag 6 Pocket (Basic),SPM10965519025,57.46,51.30,0
00945588000P_Unbeatablesale_1_fbm,Dickies,Dickies Js  Products 57046 Dickies Paint Brush Roll,00945588000P,63.90,32.59,4.0
A105187418_noseller_00910984000_sears,Craftsman,Craftsman 20 in. 5-Drawer Chest and Cabinet Combo with Riser,A105187418,249.99,149.99,4.0
A090497438_growkart_SPM14847874532_fbm,Apollo Precision Tools,Apollo Precision Tools Apollo Tools DT5010P 14-in-1 Pink Steel Pocket Multitool Pliers,A090497438,97.57,87.05,0
A030989685_tengtools_SPM12860527530_fbm,Teng Tools,"Teng Tools 8 Series 10 Drawer Roller Cabinet, 3 Drawer Middle and 6 Drawer Top Box",A030989685,2100.00,2100.00,0
00940616000P_noseller_1_sears,Craftsman,Craftsman Wrench Roll,00940616000P,9.99,9.99,4.0
A116022047_Unbeatablesale_SPM13584429803_fbm,GourmetGalley,GourmetGalley ClassicSeries Surface Mounted Vertical Soap Dispenser,A116022047,184.72,83.32,0
A108507354_noseller_00910885000_sears,DieHard,DieHard 42&#8221; Bottom Rollaway Chest with 9 Drawers,A108507354,779.99,399.88,0
00904581000P_Unbeatablesale_1_fbm,Dickies,Dickies Js  Products 57031 Dickies 16 in. Work Bag,00904581000P,115.26,53.26,5.0
00937515000P_Unbeatablesale_1_fbm,Homak,Homak BW00203200 13.75 x 20.25 x 8.75 in. Industrial 3 Drawer Friction Toolbox - Brown,00937515000P,463.46,196.67,0
SPM2376158114_Unbeatablesale_1_fbm,Homak,Homak BK06022704 27 Inch Professional Tool Cart with 2 Drawers,SPM2376158114,570.86,248.70,0
A114327248_ishopdirect_SPM9273218129_fbm,Craftsman,Craftsman CMST53005RB 3-DWR PORTABLE CHEST W/WRENCH ORG,A114327248,145.70,126.70,0
A030989869_tengtools_SPM12860503930_fbm,Teng Tools,Teng Tools Lockable Side Cabinet For Use With Roller Cabinets - TCW-CAB,A030989869,149.99,149.99,0
SPM8851126723_10286837_1_fbm,Stalwart,"Stalwart heavy duty rolling toolbox with foldable comfort handle & removable top storage chest & cabinet storage box, garage toolbox org",SPM8851126723,139.17,111.32,0
A120250583_TekcomShopUSA_SPM13678211303_fbm,GCP Products,GCP Products 8 Bin Storage Rack Garage Tools Nuts Bolts Organization Table Top Crafts,A120250583,41.06,36.99,0
SPM15021014428_growkart_1_fbm,DeWalt,DEWALT DWST08250 Tough System DS450 Mobile Storage,SPM15021014428,186.41,161.99,3.0
A028584548_growkart_1_fbm,TIMGOU,TIMGOU Milwaukee 48-22-8436 Packout Compact Low-Profile Organizer,A028584548,43.89,39.87,0
A034024876_Gymax_SPM11396919313_fbm,Gymax,"Gymax 20"" 5 Trays Mechanic Garage Steel Cantilever Tool Box Chest Storage Portable Red",A034024876,69.99,59.95,0
080V007507374000P_10286837_1_fbm,Plano,"plano molding - 781-002 781 22-inch bab power tool box with tray, graphite gray black",080V007507374000P,88.48,70.75,0
A028255435_10286837_1_fbm,Cases By Source,"cases by source b1394 blow molded empty carry case, 13.99 x 9.99 x 4, interior",A028255435,64.03,51.22,0
A116677263_Unbeatablesale_SPM13605774703_fbm,DeWalt,DeWalt 2030020 46 Pocket Black & Yellow Polyester & Tarpaulin Pro Backpack on Wheels Tool Bag,A116677263,314.10,133.36,0
SPM8782003923_growkart_1_fbm,GoSports,"GoSports Makita 197213-3 Interlocking Case, X-Large/12-1/2"" x 15-1/2"" x 11-5/8""",SPM8782003923,78.14,69.73,0
A105922558_tengtools_SPM13382600930_fbm,Teng Tools,Teng Tools 3 Drawer Professional Portable Steel Lockable Red SV Middle Tool Box - TC803USV,A105922558,299.99,299.99,0
A109331319_10286837_SPM18249469104_fbm,Craftsman,craftsman versastack system 20-in red plastic wheeled lockable tool box,A109331319,125.50,100.40,4.5
A082467620_BisonOffice_1_fbm,Gerstner,Gerstner International Oak Solutions Chest,A082467620,1565.75,736.83,0
A099069337_10632055_SPM15730999028_fbm,XERATH,XERATH XAH-TS82,A099069337,99.00,68.99,0
SPM17339463307_17086_1_fbm,Car and Driver,Car and Driver Carrand 93057 Carrand Synthetic 10 In. Blue Replacement Wash Brush Head 93057,SPM17339463307,22.99,21.71,0
A120866131_TekcomShopUSA_SPM13734506403_fbm,Great Choice Products,"Great Choice Products Grip Magnetic Socket Storage Base 3/8"" - 14 Hole Socket Storage Ranging From",A120866131,45.50,40.99,0
A082468482_growkart_SPM14809613032_fbm,Teng Tools,Teng Tools 3 Drawer Professional Portable Steel Lockable Red N Series Middle Tool Box - TC803N,A082468482,685.20,570.38,0
SPM10699117925_growkart_SPM14691983832_fbm,Wall Control,Wall Control Kitchen Pegboard Organizer Pots and Pans Pegboard Pack Storage and Organization Kit with Metallic Silver,SPM10699117925,132.51,115.20,0
A099703847_ishopdirect_SPM9175553723_fbm,TORIN,"TORIN BIG RED ATB213  16"" Hip Roof Style Portable Steel Tool Box with Metal Latch Closure, Red",A099703847,38.86,31.85,0
SPM8639841031_growkart_SPM14809516032_fbm,Huot Manufacturing,"Huot Manufacturing Huot 13166 Five-Drawer 1/2"" Reduced Shank Drill Bit Dispenser Cabinet for Sizes 33/64"" to 63/64"" in 1/64"" Increments",SPM8639841031,193.45,168.10,0
A116676833_Unbeatablesale_SPM13605798703_fbm,DeWalt,DeWalt 2030013 Black & Yellow 25 Pocket Ballistic Nylon Professional Tool Belt with Suspenders,A116676833,325.78,135.82,0
A109331383_10286837_SPM18249469604_fbm,Craftsman,craftsman versastack system 10-compartment plastic small parts organizer,A109331383,89.14,71.28,5.0
A109331428_10286837_SPM18249474804_fbm,Craftsman,Craftsman 20in plastic toolbox,A109331428,57.50,45.97,0
A120334437_factorydirectsale_SPM16365713824_fbm,Costway,Costway High Capacity 6-Drawer Rolling Tool Chest Storage Cabinet Toolbox Combo w/ Riser,A120334437,344.99,229.99,0
00944759000P_27092_1_fbm,WEN,Wen 73002 500-Pound Capacity 40 By 17-Inch Service Utility Cart,00944759000P,114.00,114.00,5.0
A084051648_Unbeatablesale_1_fbm,DeWalt,DeWalt 2018832 12.37 x 21.75 x 14.75 in. Lockable Tool Box with Tray&#44; Black & Yellow - Large,A084051648,227.43,99.54,4.5
SPM12078341204_bidlessnow_1_fbm,Chicago Case,Chicago Case 97-8777D XLST Top Electronic,SPM12078341204,62.46,62.46,0
00948475000P_ronshomeandhardware_1_fbm,DeWalt,"Dewalt DG5543 Tradesman Tool Bag, 16-In. - Quantity 1",00948475000P,74.20,58.27,4.5
A036266085_10286837_SPM18249447004_fbm,craftsman storage,craftsman storage craftsman 3-drawer metal portable chest toolbox red,A036266085,180.39,144.24,0
00937541000P_Unbeatablesale_1_fbm,Homak,Homak RD00116616 16 Inch Red Metal Toolbox Low Profile,00937541000P,111.41,52.23,5.0
A046842783_10286837_1_fbm,Cases By Source,"cases by source b1274 blow molded empty carry case, 12.5 x 7.99 x 4, interior",A046842783,52.91,42.30,0
SPM8639762031_10286837_1_fbm,Kinetronics,"Kinetronics akro-mils 9514 14-inch probox plastic tool box, red",SPM8639762031,50.77,40.59,0
SPM7800995128_17086_1_fbm,CLC,"CLC Work Gear Clc 521 Clc Work Gear Tool Pouch: 8 Pockets, Compatible with Tool Belts, Belt Slot, For 2 3/4 in Max Belt Wd, Open Top  521",SPM7800995128,56.99,53.93,0
A018420230_growkart_SPM14968539232_fbm,Kennedy Manufacturing,"Kennedy Manufacturing 297Xb 29"" 7-Drawer Rolling Tool Cabinet With Chest Wheels, Brown Wrinkle",A018420230,2223.05,1820.83,0
A084051647_Unbeatablesale_1_fbm,DeWalt,DeWalt 2018845 7 x 21.75 x 14.75 in. Water Resistant Tool Box with Tray&#44; Black & Yellow,A084051647,176.10,78.60,4.5
A120862803_TekcomShopUSA_SPM13734507703_fbm,Craftsman,CRAFTSMAN Versastack System 17-in Red Plastic Lockable Tool Box,A120862803,75.03,66.99,0
A116677392_Unbeatablesale_SPM13605799203_fbm,DeWalt,DeWalt 2030022 43 Pocket Black & Yellow Polyester & Tarpaulin Pro Backpack Tool Bag,A116677392,309.49,130.46,0
A113131979_ronshomeandhardware_1_fbm,Stanley,"Stanley DeWalt DWST17806 TSTAK Organizing System, Deep-Box - Quantity 2",A113131979,128.31,100.52,4.0
A116676896_Unbeatablesale_SPM13605798803_fbm,DeWalt,DeWalt 2030049 33 Pocket Black & Yellow Ballistic Nylon All-Purpose Tool Bag,A116676896,233.42,99.08,0
A114367555_ishopdirect_SPM9274581629_fbm,TORIN,"TORIN BIG RED ANTBD133-XB  20"" Portable 3 Drawer Steel Tool Box with Metal Latch Closure, Red",A114367555,113.09,91.94,0
A114665034_ishopdirect_SPM9278586429_fbm,Jack Boss,Jack Boss Steel Tool Box 15.5- Inch Small Portable Tool Box Organizer with Built-in Short Non-slip Handle Car Tool Box with Removable tra,A114665034,73.77,62.52,0
SPM8751739103_Unbeatablesale_SPM13517996003_fbm,Truper,Truper RHIMP-3 48 in. Free Standing All Steel Striking Tool Rack,SPM8751739103,1289.58,815.83,0
A010747089_27092_1_fbm,DeWalt,"DEWALT Impact Socket Set, Combination, SAE/MM, 3/8-Inch Drive, 42-Piece (DWMT19248)",A010747089,259.99,154.99,5.0
A115989774_ishopdirect_SPM9285727229_fbm,ONREVA,"ONREVA Tool Box Organizer Tray Set, Toolbox Storage Non-slip Trays, Rolling Tool Chest Drawer Dividers, Tool Cabinet Bins, Hardware, S",A115989774,55.24,47.62,0
A062744793_ishopdirect_SPM9076544823_fbm,HPDMC,"HPDMC 19"" Blue Hip Roof Style Portable Steel Tool Box with Metal Latch Closure and Removable Storage Tray",A062744793,44.91,36.81,0
00904558000P_growkart_1_fbm,Dickies,"Dickies 57075 8-Pocket Tool and Utility Pouch, Black",00904558000P,36.97,33.59,5.0
00904584000P_Unbeatablesale_1_fbm,Dickies,Dickies Js  Products 57049 Genuine Dickies 5 Pocket Pouch,00904584000P,63.35,33.45,4.5
SPM11188818219_VirVentures_1_fbm,Maxsa,Maxsa Branded Park Right Parking Mat Garage Wheel Stop Car Wheel Stopper Block Trailer Tire,SPM11188818219,50.12,29.48,0
MCR1638425512_ronshomeandhardware_1_fbm,Delta,"Delta 1-232000 Champion Truck Tool Box, Aluminum, Full Size - Quantity 1",MCR1638425512,955.03,753.27,0
A114327095_ishopdirect_SPM9273216829_fbm,Aobabo,"Aobabo Metal Storage Cabinets with Lockable Doors, Steel Locking Storage Cabinet with 2 Adjustable Shelves, Black Metal Cabinet Great",A114327095,131.31,111.28,0
A099507269_10632055_SPM15732299928_fbm,XERATH,"XERATH 20"" Professional Heavy Duty Hard Base 22 Pockets Tool Tote Bag with Removable Shoulder Strap",A099507269,79.99,49.99,5.0
A114022891_Unbeatablesale_SPM13511833303_fbm,VIM Tools,VIM Tools VIMSTSG Small Silicone Tray&#44; Green,A114022891,70.11,36.40,0
SPM7418158823_VirVentures_1_fbm,RoadPro,RoadPro SST00715 15-Inch Stainless Steel Tool Box with Removable Tray Portable Small Tool Box Metal Compact Repair Tool ,SPM7418158823,68.17,40.10,0
A113354631_Unbeatablesale_SPM13471958903_fbm,Herrajes,Herrajes Products Poly Storage Chest Truck Box - Black&#44; 44.375 x 19 in. x17.25 in.,A113354631,593.35,260.17,0
A115115031_ishopdirect_SPM9282551129_fbm,Wanmwill,"Wanmwill 3-Tray Rolling Tool Cart on Wheels, Tool Box with Wheels and Drawers, 300 LBS Utility Tool Storage Cart, Mechanic Tool Cart for",A115115031,123.59,98.87,0
A109319440_10286837_1_fbm,Rhino USA,"rhino usa tool bag roll - heavy duty canvas organizer pouch for tools - ultimate travel tool storage kit for utv, car, truck,",A109319440,90.67,72.50,0
00941358000P_Unbeatablesale_1_fbm,Lisle,Lisle LIS40200 3/8 in. Drive Red Magnetic Socket Holder for 28 Sockets,00941358000P,71.78,36.35,4.0
00941359000P_17086_1_fbm,Lisle,Lisle 40120 1/4? Magnetic Socket Holder - Red 40120,00941359000P,30.99,28.85,4.5
SPM14835056628_Unbeatablesale_1_fbm,HMC Holdings LLC - Homak,"HMC Holdings LLC - Homak Homak BK02041091 41 in. H2Pro Series 9 Drawer Top Chest, Black",SPM14835056628,2873.48,1449.39,0
A052988297_growkart_1_fbm,Kennedy Manufacturing,"Kennedy Manufacturing 2805XB 29"" 5-Drawer Industrial Top Chest, Tan Brown Wrinkle",A052988297,1590.08,1302.85,0
A030989424_tengtools_SPM12860523630_fbm,Teng Tools,Teng Tools 3 Drawer 8 Series Middle Box - TC803N,A030989424,349.99,349.99,0
03481333000P_Unbeatablesale_1_fbm,Fluke,Fluke T5-600 USA Networks Fluke T5-600 Electrical Tester - 600V&#44; 100 A AC - 600 V DC,03481333000P,408.46,169.55,4.5
A099703894_ishopdirect_SPM9175553923_fbm,Apollo Precision Tools,Apollo Precision Tools APOLLO TOOLS Black Metal Tool Box with Deep Top Compartment and 2 Drawers in Heavy-Duty Steel Chest With Ball Bearing Opening A,A099703894,89.60,74.05,0
SPM2375274514_Unbeatablesale_1_fbm,Lisle,Lisle 69250 Terminal Leads With Power - Switch - Fuse,SPM2375274514,105.27,48.19,0
A114366294_ishopdirect_SPM9274622329_fbm,AIDY-PRO,AIDY-PRO Tools Organizer Box Small Parts Storage Box 34-Compartment Double Side Hardware Organizers with Removable Plastic Dividers for,A114366294,47.83,40.53,0
00945687000P_Unbeatablesale_1_fbm,Dickies,Dickies Js  Products 57006 Dickies Large Wrench Roll,00945687000P,78.31,39.61,4.5
SPM8845294823_growkart_SPM14809643832_fbm,Akro-Mils,"Akro-Mils 14-Inch ProBox Plastic Art Supply, Craft or Medical Storage Toolbox with Removable Tray, Model 09514CFT, (14-Inch x",SPM8845294823,33.88,30.79,0
00942225000P_Unbeatablesale_1_fbm,Stanley,"Stanley Tools 0556753 Black & Decker SortMaster Junior Heavy Duty Tool Box Organizer, 11 in W 2.7 in H, Plastic, Black",00942225000P,45.45,25.93,4.0
SPM7648596223_Unbeatablesale_1_fbm,Custom Accessories,Custom Accessories 85812 Shop Craft Plastic 6 qt. Round Oil Drain & Recovery Pan,SPM7648596223,36.73,20.95,0
SPM8874729124_GlobalDiscountStore_1_fbm,Ernst Manufacturing,"Ernst Manufacturing Home and Garage Organizer Tray, 3-Compartments, Black - 5021, 10.5 inches",SPM8874729124,25.33,13.68,0
A082468142_BisonOffice_1_fbm,Gerstner,Gerstner International Oak 5 Drawer Roller Cabinet,A082468142,3555.75,1757.62,0
SPM8827248402_growkart_1_fbm,Jet,JET JWL-1221VS 12-Inch by 21-Inch Variable Speed Wood Lathe,SPM8827248402,1400.48,1147.69,0
A084051649_Unbeatablesale_1_fbm,DeWalt,DeWalt 2018834 19.6 x 19.6 x 23.8 in. Rolling Tool Box&#44; Black & Yellow,A084051649,371.73,165.94,4.0
A116709928_Unbeatablesale_SPM13606017003_fbm,DeWalt,DeWalt 2030017 Brown 18 Pocket Leather Tool Rig,A116709928,376.67,155.79,0
A116677222_Unbeatablesale_SPM13605798603_fbm,DeWalt,DeWalt 2030053 34 Pocket Black & Yellow Ballistic Nylon Electrician Tote Tote Bag,A116677222,181.58,78.15,0
A113773328_Unbeatablesale_SPM13501226903_fbm,PakTek,PakTek Tool Vest,A113773328,136.58,60.92,0
A082467213_10286837_1_fbm,Plano,"plano molding portable tool box, 26 in. w, 11 in. h, iron yellow (682)",A082467213,74.79,59.82,0
SPM12219778216_Unbeatablesale_1_fbm,DeWalt,DeWalt Stanley Tools 7523285 Tote Storage System Tough,SPM12219778216,125.61,57.73,5.0
A082468815_growkart_SPM14809591332_fbm,Dickies,"Dickies - 57053 8-Pocket Padded Tool Belt/Utility Pouch for Painters, Carpenters, and Builders, Adjustable 3-Inch Belt,",A082468815,57.78,51.59,0
A024095212_Unbeatablesale_SPM13620812403_fbm,Andersen,Andersen 3621 EZ Block Rectangle jack block,A024095212,97.42,43.87,0
SPM8871674924_10286837_1_fbm,G & F Products,"g & f products government issued style mechanics heavy duty tool bag with brass zipper and side pockets, tool bag for cars, d",SPM8871674924,50.02,39.99,0
A099360016_ergode_SPM13542312217_fbm,Zulkit,Zulkit Junction Box ABS Plastic Dustproof Waterproof IP65 Electrical Boxes Hinged Shell Outdoor Universal Project Enclosure Clea,A099360016,64.02,34.57,0
SPM2404856514_Unbeatablesale_SPM13169921803_fbm,WILMAR,WILMAR W54037 26 Compartment Organizer,SPM2404856514,55.54,34.13,0
A108770759_Unbeatablesale_SPM13363001903_fbm,AWP,"AWP 100884 Organizer Tool Pouch, Polyester",A108770759,45.97,26.60,5.0
A040366166_ronshomeandhardware_SPM11039283220_fbm,Montezuma,"Montezuma XL450B Portable Triangle Tool Box, Black Steel, 36 x 17 In. - Quantity 1",A040366166,1216.21,959.38,0
A081312013_tengtools_SPM13120446330_fbm,Teng Tools,Teng Tools 7 Drawer Secure Lockable Side Cabinet (For Teng Tools Roller Cabinets) - TCW-CAB01,A081312013,699.99,699.99,0
00980670000P_growkart_1_fbm,Viper Tool Storage,"Viper Tool Storage LB218MC 18-Inch 2-Drawer 18G Steel Mini Storage Chest w/ Lid Compartment, Lime Green",00980670000P,351.03,299.77,0
A109331292_10286837_SPM18249471204_fbm,Big Red,big red atbt1204r-rb torin rolling garage workshop tool organizer: detachable 4 drawer tool chest with large storage cabinet ,A109331292,266.19,227.38,0
A120280650_TekcomShopUSA_SPM13679314503_fbm,Milwaukee,Milwaukee 48-22-8422 PACKOUT 10 in. Compact Tool Box Brand New!,A120280650,134.46,118.99,0
A083688444_growkart_SPM14834918232_fbm,CleverMade,"CleverMade 46L Collapsible Storage Bins with Lids - Folding Plastic Stackable Utility Crates, Solid Wall CleverCrates, 3",A083688444,125.37,109.00,0
A113728698_Unbeatablesale_SPM13497101103_fbm,Stanley Consumer Tool,Stanley Consumer Tool 109417 Full Size Organizer&#44; Yellow & Black,A113728698,150.81,66.49,4.5
A105292939_10286837_SPM18248029804_fbm,Craftsman,"Craftsman versastack 17"" open mouth bag",A105292939,79.51,63.59,4.5
A082464909_growkart_SPM14809503732_fbm,DURATOOL,DURATOOL Rolling Work Shop with Part Bins/Accessory Drawer/Removable Tray and Bag,A082464909,63.47,56.66,0
A082582213_10286837_1_fbm,AWP,"awp 12"" pro tool tote | water resistant tool bag with rotating handle, removable shoulder strap and 21 tool storage pockets, ",A082582213,64.52,51.61,4.5
SPM7800315428_10286837_1_fbm,Dickies,"dickies 12-inch durable canvas work bag for painters, carpenters, and builders, heavy-duty zipper, reinforced handles, black",SPM7800315428,63.11,50.49,4.5
00945587000P_Unbeatablesale_1_fbm,Dickies,Dickies Js  Products 57043 Dickies 12 in. Work Bag,00945587000P,72.23,36.66,5.0
A107453180_TekcomShopUSA_SPM10642950403_fbm,GCP Products,"GCP Products 12"" Soft Mini Tool Bag",A107453180,24.41,21.99,0
00904583000P_10286837_1_fbm,Dickies,"dickies 20-inch durable canvas work bag for painters, carpenters, and builders, heavy-duty zipper, reinforced handles, exteri",00904583000P,91.12,72.86,5.0
00933945000P_noseller_00933945000_sears,The Original Pink Box,"The Original Pink Box PINK 15"" Rubber Base Tool Bag",00933945000P,34.99,34.99,4.0
A082580399_growkart_SPM14825835532_fbm,Kennedy Manufacturing,"Kennedy Manufacturing 277Xb 7-Drawer Roller Tool Cabinet With Chest Wheels And Ball-Bearing Slides, Brown Wrinkle",A082580399,1739.00,1424.71,0
A030447987_growkart_SPM14809619832_fbm,Park Tool,Park Tool BX-3 -Rolling Blue Box Tool case,A030447987,843.26,701.88,0
A121299474_TekcomShopUSA_SPM13746052603_fbm,Great Choice Products,"Great Choice Products Metal Storage Cabinet With Lock, 72"" Lockable Garage Tool Cabinet With Doors New",A121299474,284.75,251.99,0
SPM2375905014_VirVentures_1_fbm,Innovative Products Of America,Innovative Products Of America TRAILER TESTER JOBBER PACK,SPM2375905014,191.31,119.57,0
A114325594_ishopdirect_SPM9273215929_fbm,Craftsman,Craftsman CMST17804 SYSTEM DOUBLE SHALLOW DRAWERS,A114325594,80.12,64.10,0
SPM8846256523_17086_1_fbm,CLC,"CLC Work Gear Clc 527X Clc Work Gear Tool Belt: Leather, Gen Purpose, 12 Pockets, 29 in to 49 in Waist Size, Tan  527X",SPM8846256523,57.99,54.32,0
A099703683_ishopdirect_SPM9175556223_fbm,Maxpower,"Maxpower Tool Box 14-inch Plastic Small Tool Boxes with Removable Tray with Dual Lock Secured, Red",A099703683,49.04,40.53,0
00919234000P_Unbeatablesale_1_fbm,Lisle,Lisle LIS49960 Locking Air Tool Holder,00919234000P,68.84,34.20,0
00945589000P_Unbeatablesale_1_fbm,Dickies,Dickies Js  Products 57051 Genuine Dickies Paint Brush Roll,00945589000P,69.72,34.15,4.5
A090282876_10286837_1_fbm,TCE,"tce atb102u torin 16"" hip roof style portable steel tool box with metal latch closure, blue",A090282876,40.63,32.49,0
A030988820_tengtools_SPM12860524630_fbm,Teng Tools,Teng Tools 53 Inch Wide 10 Drawer 8 Series Top Box - TC810N,A030988820,1999.99,1999.99,0
SPM8639867231_growkart_SPM14809502932_fbm,Knaack,"Knaack 4830-D Jobmaster Chest with Junk Trunk, 17 cu. ft.",SPM8639867231,2124.73,1740.37,3.0
A121153428_Unbeatablesale_SPM13742152303_fbm,Kennedy Manufacturing,Kennedy Manufacturing B211555 26 in. 8-Drawer Machinists Chest - Brown,A121153428,1783.89,741.81,0
SPM16509433507_17086_1_fbm,Durham,"Durham Mfg 303-95-D950 Durham Mfg Sliding Drawer Cabinet: 20 in x 15 3/4 in x 15 in, 4 Drawers, 0 Dividers, Gray, Glide, Assembl",SPM16509433507,320.99,306.21,0
A117481052_10672511_SPM15318675610_fbm,Milwaukee,Milwaukee Packout Large Portable Tool Box 22in,A117481052,223.99,203.99,0
A120862828_TekcomShopUSA_SPM13734507803_fbm,Milwaukee,Milwaukee PACKOUT Tool Storage Crate Mounting Plate Attachment Points Stacking Or Hanging,A120862828,178.49,169.99,0
A109329850_10286837_SPM18249452204_fbm,Keter,keter master pro series cantilever 17186819 toolbox 18 inch plastic red/silver,A109329850,152.53,121.99,0
A116203511_factorydirectsale_SPM16245454224_fbm,Costway,Costway Folding Collapsible Service Cart Heavy-Duty 3-Shelf Tool Cart with 4 Wheels,A116203511,134.99,89.99,0
A109494111_Unbeatablesale_SPM13447424103_fbm,DeWalt,DeWalt 2019713 15.25 x 11.75 in. Ballistic Nylon Compact Tool Bag&#44; Black & Yellow,A109494111,207.63,87.25,5.0
SPM9961471718_Buckeyetoolsupply_1_fbm,DeWalt,DeWalt Genuine OEM Replacement Tool Bag # 659584-00,SPM9961471718,56.95,56.95,3.5
A114325741_ishopdirect_SPM9273217029_fbm,Craftsman,"Craftsman Large Storage Organizer, 39 Compartment, Plastic (CMST40739)",A114325741,63.73,55.42,0
SPM6803164207_ronshomeandhardware_1_fbm,DeWalt,"DeWalt DWST17808 TSTAK Organizing System, Long-Handle Case - Quantity 1",SPM6803164207,69.94,55.01,3.5
SPM8792480723_growkart_SPM14809644232_fbm,Makita,"Makita 197211-7 Medium Interlocking Case, 6-1/2"" x 15-1/2"" x 11-5/8""",SPM8792480723,59.34,52.98,0
080V007696070000P_10286837_1_fbm,Plano,"Plano portable tool box, 20-1/4 in. w, gray",080V007696070000P,39.88,31.89,0
A113084765_Unbeatablesale_SPM13450927603_fbm,DeWalt,DeWalt Accessories DWAX100IR Impact Ready Screw Driving Set - 31 Piece,A113084765,60.46,29.47,0
A032999152_Buckeyetoolsupply_1_fbm,DeWalt,DeWalt Replacement Tool Bag Works with Many Power Tools # 629053-00,A032999152,26.95,26.95,0
A029656169_growkart_SPM14809638932_fbm,JQuad,JQuad (2 Pack Keyed Alike Truck Tool Box Locks with Keys - Replacement Pickup Toolbox Lock Cylinder for Latch (2 Pack),A029656169,22.85,21.72,0
A113850533_GlobalDiscountStore_SPM16141182024_fbm,Hubbell Bell,"Hubbell Bell Hubbell-Bell PDB77550GY Two-Gang Weatherproof Box Seven 1/2 in. or 3/4 in. Threaded Outlets, 2 in, Gray",A113850533,30.72,16.59,0
A046842923_AmiVentures_1_fbm,Cases By Source,"Cases By Source B531 Blow Molded Empty Carry Case, 5.6 x 3.6 x 1.37, Interior, Black",A046842923,27.32,14.75,0
00923026000P_10669618_SPM12689756216_fbm,Viper Tool Storage,"Viper Tool Storage V218MCBL 18"" 2-Drawer  Mini Chest, Black",00923026000P,204.96,204.96,0
A118228324_10669618_SPM12815938416_fbm,The Original Pink Box,"The Original Pink Box PB4108C The Original Pink Box 41-Inch 8-Drawer Steel Top Chest, Pink",A118228324,960.35,960.35,0
A030990057_tengtools_SPM12860526630_fbm,Teng Tools,Teng Tools 3 Drawer 8 Series Roller Cabinet - TCW803N,A030990057,850.00,850.00,0
00980679000P_10669618_SPM12691434216_fbm,Viper Tool Storage,"Viper Tool Storage V218MCSS 18-Inch 2-Drawer 304  Mini Storage Chest W/ Lid Compartment, Stainless Steel",00980679000P,434.61,434.61,0
SPM14688618924_Unbeatablesale_1_fbm,Seahorse,Seahorse 1220 Large Wheeled Case with Foam- Black,SPM14688618924,1020.28,408.11,0
A056127396_growkart_1_fbm,Estwing,Estwing 94747 13 Pocket Electrician's Tool Rig,A056127396,308.25,263.27,0
A056127640_growkart_1_fbm,Estwing,Estwing 94745 13 Pocket Framer's Tool Rig,A056127640,339.19,289.67,0
SPM14641168528_growkart_SPM14809508132_fbm,FESTOOL,Festool 200117 Systainer SYS-Combi 2,SPM14641168528,291.26,248.77,0
SPM17320970607_Unbeatablesale_1_fbm,Mastercool,Mastercool ML90066-B Air Conditioning 6 CFM Vacuum Pump,SPM17320970607,440.84,186.17,0
SPM7895140327_17086_1_fbm,proto,"proto Stanley Products J9951 PROTO® Cantilever Tool Boxes, 10 in D, Steel, Red/Brown J9951 Pack of 1",SPM7895140327,188.99,180.76,0
SPM10342479520_Unbeatablesale_1_fbm,Klein Tools,"Klein Tools 409-55456BPL Tradesman Pro Organizer Tech Backpacks, 25 Compartments, 18 x 14 in.",SPM10342479520,400.15,168.73,0
SPM12248182004_Unbeatablesale_1_fbm,Rowenta,Rowenta VU5670U2 Turbo Silence Extreme Stand Fan with 5 Speeds,SPM12248182004,380.08,155.09,4.5
SPM7848999122_VirVentures_1_fbm,Luxor,LUXOR FURN Luxor MC-3 Office Mechanics 3-Shelf Multipurpose Cart,SPM7848999122,212.26,124.86,0
A114368160_ishopdirect_SPM9274575429_fbm,GUH Co. & ONREVA,"GUH Co. & ONREVA ONREVA Tool Box Liner, Professional Toolbox Drawer Liners 24 inch Wide x 24 ft Large, Rolling Tool Chest Liner Roll, Shelf Rubb",A114368160,117.00,95.90,0
A114328686_ishopdirect_SPM9273329229_fbm,TOPOWN,"TOPOWN Spray Paint Racks, Door Painting Stand, Paint Drying Rack, Racks Painting Doors, Trim/Kitchen Cabinet Door Stands for Painting,",A114328686,106.93,92.18,0
A121758912_Unbeatablesale_SPM13792607903_fbm,Invernadero,Invernadero Plastic Casual Folding Bench&#44; White,A121758912,175.93,82.06,0
A114994600_ishopdirect_SPM9281086929_fbm,Edward Tools,"Edward Tools 17"" Metal ToolBox - Heavy Duty Portable Tool Box with Organizer Tray and Handle - Solid Metal Locking Latches - Scratch Re",A114994600,89.05,72.40,0
A114367597_ishopdirect_SPM9274572729_fbm,ONREVA,"ONREVA 24PCs HEAVY-DUTY TRAYS Tool Box Organizer Tray Dividers, Professional Grade Toolbox Storage Trays kit, Rolling Tool Chest Drawe",A114367597,77.52,62.52,0
00950820000P_Unbeatablesale_1_fbm,Stanley,Stanley FatMax FMST18001 18 in. Cantilever Tool Box,00950820000P,131.98,59.78,5.0
A082469346_10286837_1_fbm,SOUTHWIRE,southwire tools & equipment bagesp electrician's shoulder pouch tool carrier,A082469346,70.10,56.07,5.0
00945584000P_Unbeatablesale_1_fbm,Dickies,Dickies Js  Products 57040 Dickies 16 in. Work Bag,00945584000P,115.92,53.92,5.0
A109319503_10286837_SPM18248026204_fbm,Makita,makita duffel toolbag by makita,A109319503,63.74,50.99,0
SPM8819151002_Buckeyetoolsupply_1_fbm,DeWalt,DeWalt Replacement Storage & Tool Bag # 624807-01,SPM8819151002,43.99,43.99,0
SPM14271643919_19671_1_fbm,Stanley(R),"Stanley(R) Stanley Series 2000 Toolbox W/Tray, Two Lid Compartments",SPM14271643919,33.72,33.72,4.0
A082467059_growkart_SPM14809572332_fbm,GOWA,GOWA Milwaukee 7-Pocket Compact Utility Pouch,A082467059,33.51,30.45,0
00981461000P_Unbeatablesale_1_fbm,Klein Tools,Klein Tools 409-5139 Utility Bag-White,00981461000P,59.14,30.92,4.5
A099668109_ishopdirect_SPM9174778723_fbm,AUTUMN,"AUTUMN Dividers for Plastic Storage Hardware Cabinet with Small Drawers, Designed to fit Craftsman CMST40730 and ArtBin 6830PC, Pack o",A099668109,32.62,28.12,0
A044046563_growkart_SPM14809699832_fbm,Cruiser,Cruiser Fiber Optic Tool Empty Kit Small Bag For Cablling Fiber Tool / Hardware / Network Test Tool (Black),A044046563,20.29,19.29,0
SPM14967799328_growkart_SPM14809758832_fbm,DeWalt,"Dewalt 13"" Mini Heavy Duty Contractor Tool Bag",SPM14967799328,19.06,18.12,0
SPM8265547131_10672516_1_fbm,Weather Guard,Weather Guard 172-5-01 Driver Side Pork Chop Box,SPM8265547131,868.58,868.58,0
A108771344_ronshomeandhardware_SPM11020552420_fbm,DeWalt,"DeWalt DWST22760 Rolling Tool Cabinet, 6-Drawer, Double Wall Steel, 26 In. - Quantity 1",A108771344,909.61,717.32,3.5
SPM7768029528_growkart_1_fbm,DeWalt,"DEWALT 20V MAX XR Finish Nailer, Angled, 16GA (DCN660D1)",SPM7768029528,655.69,545.83,4.5
A017138537_growkart_1_fbm,Veto,"Veto Pro Pac Tech XL Tool Bag, 1-Pack",A017138537,416.49,355.62,0
SPM7886868013_Unbeatablesale_1_fbm,FMI PRODUCTS LLC,FMI PRODUCTS LLC FMI BK3 Triple Fan Blower with Magnetic Attachment,SPM7886868013,647.60,274.10,0
SPM11785023815_bidlessnow_SPM11785023815_fbm,Chicago Case,"Chicago Case 95-8570 XLST61 ""Standard"" Attache Tool Case",SPM11785023815,249.56,249.56,0
A041899876_shopeddies_1_fbm,DU-HA,DU-HA 10400 DU-HA Underseat Storage,A041899876,242.07,190.86,0
SPM8792457623_growkart_SPM14968831232_fbm,Flambeau Outdoors,"Flambeau Outdoors 6531BK Rolling Gear Storage Chest and Tool Box with Lift-Out Tray, 31-Inch",SPM8792457623,219.44,190.66,0
A120277898_TekcomShopUSA_SPM13679331603_fbm,Milwaukee,MILWAUKEE 48-22-8460 PACKOUT 16 Quart Hard Sided Cooler NEW,A120277898,197.39,187.99,0
A120412939_Unbeatablesale_SPM13691232503_fbm,Eat-In,Eat-In 2 Step Under Platform Telescoping Boat Ladder,A120412939,292.74,132.13,0
SPM15100291528_17086_1_fbm,CLC Work Gear,"CLC Work Gear Clc ECP135 Clc Work Gear Tool Backpack: 3 Outside Pockets, 20 Inside Pockets, 14 1/2 in Overall Wd, 6 in Overall Dp  ECP135",SPM15100291528,128.99,122.76,0
A084050282_Unbeatablesale_1_fbm,DeWalt,DeWalt 2018833 16.25 x 14.75 x 21.75 in. Tool Box with Tray&#44; Black & Yellow - Extra Large,A084050282,262.14,112.21,4.5
A056127641_growkart_1_fbm,Estwing,Estwing 94749 8-Pocket Leather Electrician's Tool Pouch,A056127641,102.72,91.64,0
A099468139_10632055_SPM15731843028_fbm,XERATH,"XERATH 18 inch Quality Rolling Tool Bag with Handle, Strengthen Load Bearing, Silent Pulley, Multiple Pockets",A099468139,99.00,99.00,0
A099703605_ishopdirect_SPM9175550123_fbm,Cooper Tools,"Cooper Tools GEARWRENCH 20"" 3 Drawer Steel Tool Box, Black - 83151",A099703605,109.95,87.96,0
SPM8909484123_growkart_SPM14809759432_fbm,DeWalt,"DEWALT DG5433 Tool Bag, 10 Pocket, Top Grain Leather",SPM8909484123,83.20,74.24,0
A119185762_TekcomShopUSA_SPM13656430103_fbm,GCP Products,"GCP Products Power Tool Organizer Wall Mount,Tool Organizers And Storage,Tool Storage For Garage Organization,Tools Drill Holder(2Pack)",A119185762,82.87,73.99,0
SPM3222604501_27092_1_fbm,Klein Tools,Klein Tools 409-5109S 55510 Canvas Bucket,SPM3222604501,129.99,69.99,5.0
SPM11541271625_ronshomeandhardware_SPM10741846220_fbm,Sterilite,Sterilite 29308001 3-Drawer Wide Cart - Quantity 1,SPM11541271625,80.74,63.52,0
SPM7800383628_growkart_SPM14809731832_fbm,DeWalt,"DEWALT DG5542 Tradesman's Tool Bag, 12-Inch",SPM7800383628,69.61,62.13,0
A114367727_ishopdirect_SPM9274584229_fbm,Pink Power,"Pink Power Pink Tool Box for Women - 18"" Small Metal",A114367727,72.75,59.15,0
A078750844_Unbeatablesale_1_fbm,Milwaukee,Milwaukee MWK48-22-8440 Pack Out Crate,A078750844,130.33,59.00,0
SPM6858930307_Unbeatablesale_1_fbm,DeWalt,DeWalt Zag Industries Usa 2394468 Tstak Deep Drawer Toolbox,SPM6858930307,124.46,57.89,0
SPM8719336914_10672602_1_fbm,Access Tools / High Tech Tools,Access Tools / High Tech Tools Access Tool MDSCM Mega Deluxe Soft Case,SPM8719336914,49.95,49.95,0
A075230097_ishopdirect_SPM9124696923_fbm,DeWalt,"DEWALT Tool Tote with Removable Power Tool Case, 24-Inch (DWST24070)",A075230097,58.08,49.22,0
A109320873_10286837_1_fbm,Denifiter,"Denifiter heavy duty waxed canvas wrench tool roll up bag, multi-purpose small hand tools organizer holder ( black )",A109320873,61.26,48.97,0
SPM8768603523_growkart_SPM14809592032_fbm,Custom Leathercraft,"Custom Leathercraft CLC Custom Leathercraft 1509 Zippered Professional Electricians Tool Pouch, 21 Pocket",SPM8768603523,52.82,47.98,0
A025646012_winado_SPM10707500608_fbm,Winado,"Winado Jerry Can Gas Caddy Tank, 5 Gallon 20 liter Portable Oil Tank, Army Gasoline Fuel Steel Tank, Petrol Diesel Storage Can",A025646012,45.99,45.99,3.0
SPM43427636_GlobalDiscountStore_1_fbm,Style N Craft,"Style n Craft 74053 2-Inch Work Belt Heavy Duty Oiled Top Grain Leather, 46-Inch - 60-Inch waist size",SPM43427636,81.40,43.96,0
A091964207_FastMedia_1_fbm,Sealproof,"Sealproof Power Whip Assembly, 1/2-Inch x 6 Ft Nonmetallic Liquid Tight Flexible Electrical Conduit and 10 Gauge Wire Single Pha",A091964207,76.92,41.53,0
A099506859_10632055_SPM15732298028_fbm,XERATH,XERATH 12 inch 11 Pocket  Mufti-Functional Wide Foldable Tool Open Tote Bag,A099506859,39.99,39.99,0
A114326432_ishopdirect_SPM9273211329_fbm,SafeCo Brands,SafeCo Brands Lock and Key Kit for Milwaukee Tool Chests,A114326432,47.57,39.31,0
SPM11588881325_growkart_1_fbm,Makita,"Makita 197210-9 Interlocking Case, Small/4-3/8"" x 15-1/2"" x 11-5/8""",SPM11588881325,40.82,37.09,0
A110155937_AmiVentures_SPM9996916102_fbm,Arlington,"Arlington LPCG757-5 3/4-Inch Strain Relief Electrical Cord Connector, 5-Pack",A110155937,67.35,36.37,0
00904593000P_growkart_1_fbm,Dickies,Dickies Work Gear 57021 Grey/Tan 8-Pocket Pouch,00904593000P,36.97,33.59,0
00945691000P_Unbeatablesale_1_fbm,Dickies,Dickies Js  Products 57024 Genuine Dickies 2 Pocket Canvas Apron,00945691000P,54.15,32.89,2.0
SPM9476179017_growkart_SPM14809590932_fbm,Dickies,Dickies Work Gear 57005 Grey/Tan Tool Pouch with Security Zipper Pocket,SPM9476179017,35.64,32.39,0
00904569000P_Unbeatablesale_1_fbm,Dickies,Dickies Js  Products 57017 Dickies Hammer Holder,00904569000P,49.56,27.42,0
SPM14969497724_Unbeatablesale_SPM13446451203_fbm,Hampton Products Keeper,Hampton Products Keeper 02922 2 in. X 20 ft. Yellow Vehicle Recovery Tow Strap,SPM14969497724,49.35,25.71,0
A099354861_AmiVentures_SPM10026129202_fbm,BUDDY TOOLS LLC,"BUDDY TOOLS LLC Mark N Guard by Buddy Tools - Outlet Marker for Drywall Installation - Easy Drywall Marking Tool for Electrical Outlets, Electri",A099354861,38.07,20.56,0
SPM11512013615_Unbeatablesale_SPM13200030303_fbm,Motor Guard Corporation,Motor Guard Corporation Motor Guard  MOT-BBS1 Backer Soft Block,SPM11512013615,34.45,18.28,0
SPM17340519107_Unbeatablesale_1_fbm,Lisle,Lisle 20540 Spark Plug Adapter- 1 2 mm.,SPM17340519107,33.64,18.13,0
SPM8865031229_17086_1_fbm,Bucket Boss,"Bucket Boss 54170 Bucket Boss Tool Pouch: 5 Pockets, Compatible with Pants Pocket/Tool Belts, Belt Slot, Open Top  54170",SPM8865031229,18.99,17.20,0
A056805151_17086_SPM17980512804_fbm,IMPACTO,"Impacto SUSPENDERS Impacto Tool Belt Suspenders: Elastic, Gen Purpose, 0 Pockets, 26 in to 40 in  SUSPENDERS",A056805151,17.99,16.25,0
SPM3329126001_growkart_SPM14809785532_fbm,Rothco,Rothco Canvas Medium Water Bucket - Natural,SPM3329126001,13.32,12.66,0
SPM8717560703_Unbeatablesale_SPM13521397803_fbm,Durham,"Durham HDC60-156-3S5295 12 Gauge Recessed Door Style Lockable Cabinet with 156 Blue Hook on Bins & 3 Adjustable Shelves, Gray - 60 in.",SPM8717560703,7741.50,3396.60,0
SPM11630742715_Unbeatablesale_SPM13631236603_fbm,Autel,Autel AUL-DS708 Automotive Diagnostic and Analysis System,SPM11630742715,4895.45,1961.24,0
A114169399_Unbeatablesale_SPM13517534903_fbm,Flameking Cylinders,Flameking Cylinders 420LBCYCLINDER LP Cylinder - 420 lbs,A114169399,3762.08,1804.83,0
SPM8269096931_10672516_1_fbm,Weather Guard,"Weather Guard Weatherguard 316-3 Itemizer Drawer Unit, Lateral - 49 x 24 x 6.75",SPM8269096931,1348.08,1348.08,1.0
SPM7719018828_Unbeatablesale_SPM13623126203_fbm,Ridgid,Ridgid 632-27008 K-400 Machine W-Gloves &amp; Std. Equipment Two-Wheel Cart Autofeed C-32 Iw 3-8 Inch X 75&' Solid Core Integral Wo,SPM7719018828,2382.65,953.06,4.5
A082467553_growkart_SPM14809613532_fbm,UWS,"UWS EC10312 63-Inch Gloss Black Heavy-Wall Aluminum Slim Truck Tool Box with Low Profile, RigidCore Lid",A082467553,984.01,818.98,0
MCR1637918312_Unbeatablesale_1_fbm,American Forge,American Forge Intermarket INT200T 2 Ton Low-Rider Floor Jack,MCR1637918312,1222.50,577.53,0
A082468869_growkart_SPM14809508732_fbm,DNA Motoring,"DNA MOTORING TBOX-T3-63-ALU-BK 63""x12""x14"" Aluminum Truck Storage Tool Box w/Lock & Keys (Black)",A082468869,478.43,408.47,0
A056142237_Unbeatablesale_SPM13195206203_fbm,Seahorse,Seahorse 1220 Large Wheeled Case- Black,A056142237,753.20,301.28,0
SPM2376176014_Unbeatablesale_1_fbm,Legacy Manufacturing Company,Legacy Manufacturing Company Legacy Manufacturing LEGL8306FZ .38in. I.D. x 75ft. Flexzilla Levelwind Retractable Hose Reel,SPM2376176014,685.54,283.82,0
A113500609_Unbeatablesale_SPM13484871503_fbm,Herrajes,Herrajes Triple Fan Blower with Magnetic Attachment,A113500609,646.73,273.75,0
SPM3684494521_Unbeatablesale_SPM13124404703_fbm,OnlineGymShop,"OnlineGymShop CB16441 Workshop Table with Drawers & Peg Boar Work Bench Storage, Black",SPM3684494521,613.18,245.27,0
SPM11904785415_growkart_1_fbm,American Forge,"American Forge AFF Adjustable Bench Grinder/Vise Pedestal Stand, 28""-36"" Adjustable Height, 31500",SPM11904785415,216.66,188.25,0
A056127516_growkart_1_fbm,Estwing,Estwing 94762 14-Compartment/18-Inch Framer's Tool Bag,A056127516,246.37,210.47,0
A111607143_TekcomShopUSA_SPM13236074603_fbm,GCP Products,GCP Products 48-22-8343 3X Packout Wall-Mounted Tool Station,A111607143,201.99,177.99,0
A109319888_10286837_SPM18248026604_fbm,Husky,"husky 18 in., 15 in. and 12 in. tool bag combo in red",A109319888,195.81,156.56,0
00937517000P_Unbeatablesale_1_fbm,Homak,Homak BW00210180 18 Inch Cantilever Steel Toolbox,00937517000P,355.88,153.20,5.0
A113770756_Unbeatablesale_SPM13502255603_fbm,Flame King,Flame King 40 lb Propane Cylinder,A113770756,330.23,151.43,0
A122155112_Unbeatablesale_SPM13828458603_fbm,Light House Beauty,Light House Beauty 21.3 in. Tool Box&#44; Black & Yellow,A122155112,359.70,148.84,0
A109493966_Unbeatablesale_SPM13374042903_fbm,DeWalt,DeWalt 2019717 13.13 x 22.25 x 15 in. Ballistic Nylon Tool Bag&#44; Black & Yellow,A109493966,335.76,142.71,4.5
A088826191_ishopdirect_SPM9153544523_fbm,Milwaukee,"Milwaukee Electric Tool 48-22-8425 Pack out, Large Tool Box, Red",A088826191,164.61,131.69,0
SPM8864525329_17086_1_fbm,BRADY,Brady 51171 Brady   51171,SPM8864525329,136.99,129.89,0
SPM11348872430_Unbeatablesale_1_fbm,Electronic Specialties,Electronic Specialties EL125 Timing Light with Digital Tach and Advance,SPM11348872430,241.73,109.85,0
00948476000P_growkart_1_fbm,DeWalt,"DEWALT DG5587 Open Top Tool Carrier, 14 in., 23 Pocket",00948476000P,124.85,108.55,5.0
A024029877_Unbeatablesale_SPM13459199103_fbm,Dormo,Dormo 81056 Shop Stool With Flame Design,A024029877,191.09,86.49,0
00912864000P_Unbeatablesale_1_fbm,Sherman,Sherman Trademark Global Inc Poker 75-2050 Deluxe Mobile Workshop and Toolbox,00912864000P,182.25,83.83,0
00933171000P_10286837_1_fbm,Performance Tool,"performance tool w54020 20-inch tool box, steel",00933171000P,97.39,77.87,0
SPM8803875723_growkart_SPM14809759632_fbm,Custom Leathercraft,"Custom Leathercraft CLC Custom Leathercraft 1537 Multi-Compartment Tool Carrier, 30 Pocket, 13 In.",SPM8803875723,81.54,72.76,0
SPM17339962907_Unbeatablesale_1_fbm,Airgas Safety,Airgas Safety LX-1318 Heavy Duty Rotary Barrel Pump,SPM17339962907,148.46,68.00,0
SPM10461742408_10286837_SPM18249461304_fbm,Craftsman,craftsman drawer liner roll 22-1/8 x 85-1/2 by craftsman,SPM10461742408,84.27,67.39,0
SPM9769114525_10286837_1_fbm,Performance Tool,performance tool w54019 19-inch plastic tool box,SPM9769114525,82.26,65.78,0
SPM9180981317_VirVentures_1_fbm,Sainty Art Works,Sainty Art Works Fanmats Dallas Cowboys Tool Box,SPM9180981317,91.14,65.10,0
A114327436_ishopdirect_SPM9273218729_fbm,Generic,Generic Brixwell 45-91 11-3/4 in. W x 4 in. H Cabinet Drawer Insert,A114327436,74.02,63.81,0
A116873055_Unbeatablesale_SPM13614324803_fbm,KENNEDY,KENNEDY 444-80786 Chest - Cabinet Foam Tool Organizer,A116873055,129.72,60.04,0
A109331568_10286837_SPM18249468904_fbm,Craftsman,craftsman versastack system 17-in red plastic lockable tool box,A109331568,74.08,59.25,5.0
080V007507370000P_growkart_1_fbm,Plano,Plano Molding 932001 Portable Stow Away Rack Organizer with Cover,080V007507370000P,64.82,57.86,0
A108770658_Unbeatablesale_SPM13322680103_fbm,Big Time,Big Time 100864 Leather Tool Apron,A108770658,102.12,53.92,4.5
A109332432_10286837_SPM18249476904_fbm,ROAD DAWG,"road dawg a5519bd torin 19"" stainless steel portable storage tool box organizer with metal lock, clear lid compartments, and ",A109332432,64.25,51.40,0
A084050104_Unbeatablesale_1_fbm,DeWalt,DeWalt 2018842 5.2 x 14.47 x 10.47 in. Compact Interlocking Organizer Polypropylene&#44; Black & Yellow - 6 Count,A084050104,111.18,49.81,5.0
A108771032_Unbeatablesale_SPM13489894603_fbm,Big Time,Big Time 100882 AWP Carpenter Tool Rig Belt,A108771032,98.21,48.48,5.0
A114367744_ishopdirect_SPM9274630129_fbm,Generic,"Generic PFC - 135-100-033-5SF Plastic Carrying Case with Foam, 13 1/2"" x 10"" x 3 1/4""",A114367744,52.31,42.53,0
SPM7703440003_Unbeatablesale_SPM13204428903_fbm,Presco,Presco 764-FLAG-YELLOW Surveyors Tape - Yellow,SPM7703440003,86.38,41.39,0
A113499248_Unbeatablesale_SPM13482557503_fbm,Cool Kitchen,Cool Kitchen Tool Replacement Roller Bearing Drawer Slide Fits Carts,A113499248,83.99,40.05,0
SPM2428041714_VirVentures_1_fbm,Master Lock,"Master Lock PORTABLE LOCK BOX 2.75""W (Pack of 1)",SPM2428041714,55.09,39.35,0
A113008386_Unbeatablesale_SPM13368777703_fbm,KD Tools,KD Tools KDT83118 Black SAE Tray Set - 3 Piece,A113008386,88.77,38.61,0
00937532000P_Unbeatablesale_1_fbm,Homak,Homak Manufacturing TP00115088 15 in. Plastic Transparent Toolbox with Tray,00937532000P,66.07,34.16,0
A039585129_growkart_1_fbm,Dickies,"Dickies 2-Compartment Large Phone Pouch, Universal-fit Steel Clip for Tool Belt, Security Strap Over Phone, Carabiner for",A039585129,36.97,33.59,4.5
A039692054_growkart_1_fbm,Dickies,Dickies 57099 4-Pocket Rigid Tool Pouch with Tape Clip,A039692054,34.32,31.19,5.0
00910616000P_ronshomeandhardware_1_fbm,Stanley,"Stanley STST16331 Essential Tool Box, 16 In. - Quantity 1",00910616000P,37.83,29.79,4.5
A075280491_ishopdirect_SPM9124696323_fbm,Westway,"Westway Locks Replacement 16MM (5/8"") Tool Box Cylinder with Keys for Latch Toolbox Cabinet Pickup Truck Tool Box Control Box (Sin",A075280491,34.81,28.77,0
A114326819_ishopdirect_SPM9273214729_fbm,AUTUMN,"AUTUMN Pack of 32 Dividers for Plastic Storage Hardware Cabinet with Small Drawers, designed to fit Akro-Mils 40716 (Small Drawer)",A114326819,35.15,28.12,0
SPM6487842407_FastMedia_1_fbm,Protec,"Protec Northern Tool & Equipment V13966 Tool Mate Nonslip Toolbox Liner Mat, 22in. x 84in.",SPM6487842407,50.58,27.31,3.0
SPM14557049915_Unbeatablesale_1_fbm,Toughbuilt,Toughbuilt 2021870 6.75 x 4.13 x 3 in. 1 Pocket Steel Modular Hammer Loop&#44; Black,SPM14557049915,51.55,26.96,0
00941787000P_ronshomeandhardware_1_fbm,Stanley,"Stanley STST41001 Storage Tote Tray, 19.34 x 13 x 7.6 In. - Quantity 1",00941787000P,32.51,25.49,0
SPM11905113015_GlobalDiscountStore_1_fbm,Protoco,"Protoco 6010 Tool Box Organization Plastic Tray with 10 Compartment, 16-Inch x 11-Inch x 1.5-Inch, Black",SPM11905113015,42.13,22.75,0
SPM8867452929_growkart_SPM14809513032_fbm,Stack-On,Stack-On DRLINERS3 Chest & Cabinet Sure Grip Drawer Liners,SPM8867452929,22.85,21.72,0
SPM9799290932_miltonindustries_1_fbm,Milton Industries,Milton Industries S-976 Dual Head Chuck Service Gauge ,SPM9799290932,17.25,17.25,0
A025137118_17086_1_fbm,Bucket Boss,"Bucket Boss 54160 Bucket Boss Tool Pouch: 1 Pockets, Compatible with Tool Belts, Belt Slot, For 2 in Max Belt Wd  54160",A025137118,16.99,15.65,0
A082465233_growkart_SPM14809610032_fbm,ilco/snap-on,ilco/snap-on Snap-On Tool box Keys Cut to Your Code Y1 thru Y50 Snap On Tool Chest Locks 2 Keys (Y38),A082465233,15.86,15.08,0
SPM8857552124_10152499_1_fbm,Steel Labels,Steel Labels 45 Adjustable Magnetic Toolbox Labels  Easy Read  Foil Material with Magnetic Backing - Great for Mechanics and Craftsman,SPM8857552124,14.95,14.95,5.0
SPM666915814_growkart_SPM14623629832_fbm,Ernst Manufacturing,"Ernst Manufacturing Gripper Wrench Organizer, 8 Tool, Black",SPM666915814,7.73,7.35,0
A025653807_AmiVentures_1_fbm,proto,proto Stanley Proto J9971R 19-inch Hip Roof Box With Tray,A025653807,129.08,69.70,0
A116082221_Unbeatablesale_1_fbm,Launch Tech USA,Launch Tech USA LAU301190794 X-431 Torque 5 Professional Diagnostic Tool,A116082221,5844.16,2345.84,0
A121152782_Unbeatablesale_SPM13741643603_fbm,Kennedy Manufacturing,Kennedy Manufacturing B211664 34 in. 8-Drawer Roller Cabinet with Ball Bearing Slides - Brown,A121152782,4688.73,2175.49,0
A115885380_Unbeatablesale_1_fbm,Biohort,Biohort BIO1101 5 x 2.7 x 6 ft. Equipment Locker 150 - Dark Gray,A115885380,4527.98,2111.19,0
SPM17339503307_Unbeatablesale_1_fbm,Omega,Omega OME22050 5 Ton Long Chassis Floor Jacks with Hard to Access Lift Points,SPM17339503307,4287.93,2015.17,0
SPM11628800615_Unbeatablesale_1_fbm,American Forge,American Forge & Foundry 31200B 20 Gallon Parts Washer,SPM11628800615,1455.45,882.18,0
SPM7726432003_ronshomeandhardware_1_fbm,Delta,"Delta 1-302000 Low-Profile Truck Tool Box, Aluminum, Full Size - Quantity 1",SPM7726432003,891.46,703.09,0
A081311956_tengtools_SPM13120446430_fbm,Teng Tools,Teng Tools Sliding Drawer Secure Lockable Side Cabinet (For Teng Tools Roller Cabinets) - TCW-CAB02,A081311956,550.00,550.00,0
SPM12303120730_17086_1_fbm,3M,"3m 16578 3m HVLP Spray Gun: Pressure, 13 cfm @ 20 psi, Variable Nozzle Size, 10 in to 12 in Pattern Size  16578",SPM12303120730,559.99,535.16,0
A081312065_tengtools_SPM13120446530_fbm,Teng Tools,Teng Tools Two Shelf Secure Lockable Side Cabinet (For Teng Tools Roller Cabinets) - TCW-CAB03,A081312065,490.00,490.00,0
A030989803_tengtools_SPM12860526030_fbm,Teng Tools,Teng Tools Empty Portable Service Case - TC-SC,A030989803,399.99,399.99,0
A030989466_tengtools_SPM12860524230_fbm,Teng Tools,Teng Tools 6 Drawer 8 Series SV Top Box - TC806SV,A030989466,399.99,399.99,0
A120863528_TekcomShopUSA_SPM13734509003_fbm,Great Choice Products,Great Choice Products 6-Drawer Toolbox Rolling Tool Chest High Capacity Storage Cabinet Combo W/ Riser,A120863528,416.29,361.99,0
A116429216_Unbeatablesale_SPM13598196203_fbm,Innovative Tools & Technology,Innovative Tools & Technology SSPC-PT Panel Train - 40 x 33 x 36 in.,A116429216,893.14,361.24,0
SPM7207912203_Unbeatablesale_1_fbm,Chicago Case,Chicago Case Co 95-8586 MMST9CART Military Ready Black Tool Case,SPM7207912203,785.61,337.20,0
A120865450_TekcomShopUSA_SPM13734509103_fbm,Great Choice Products,Great Choice Products 2 Pcs Rolling Tool Cabinet Storage Chest Box Garage Box Organizer W/ 6 Drawers,A120865450,362.24,314.99,0
A120863517_TekcomShopUSA_SPM13734509703_fbm,Great Choice Products,Great Choice Products 2 In 1 Tool Chest Cabinet W/ 5 Sliding Drawers Rolling Garage Organizer,A120863517,284.54,270.99,0
A066789292_Unbeatablesale_SPM13744904603_fbm,Global,Global 652779MGN Green 9-Bike Wave Bike Rack&#44; Flange Mount,A066789292,636.07,270.10,0
A121301516_Unbeatablesale_SPM13749138203_fbm,Cromo,Cromo Small Deluxe 3 Shelf Plastic Utility & Service Cart with 5 in. Rubber Casters - Gray,A121301516,607.24,262.48,0
A120864687_TekcomShopUSA_SPM13734508403_fbm,DeWalt,DeWALT Black Utility Rolling Portable Toolbox Cart Chest Tool-Storage-Box,A120864687,293.79,259.99,0
A111606917_TekcomShopUSA_SPM13236030003_fbm,GCP Products,GCP Products 48-22-8445 Packout Durable Cabinet Storage System,A111606917,257.63,227.99,0
SPM6886030302_34534_1_fbm,Dee Zee,DEE ZEE 95P Wheel Well Plastic Toolbx,SPM6886030302,220.21,220.21,0
A056127646_growkart_1_fbm,Estwing,Estwing 94759 20-Inch Hard Bottom Tool Backpack,A056127646,246.37,210.47,0
A056127634_10286837_1_fbm,Estwing,"estwing 18-inch professional tool tote/tool bag for contractors, removable main compartment dividers, multiple pockets, durab",A056127634,238.78,203.99,0
A044027141_Unbeatablesale_SPM13741758603_fbm,Wall Control,Wall Control B1296712 Pegboard Standard Tool Storage Kit&#44; Blue & Red - 48 x 32 x 9 in.,A044027141,458.43,202.27,0
00935611000P_10669618_1_fbm,Viper Tool Storage,"Viper Tool Storage V218MCOR 18-Inch 2-Drawer 18G Steel Mini Storage Chest W/ Lid Compartment,, Orange",00935611000P,199.42,199.42,0
A026401060_Unbeatablesale_SPM13269340403_fbm,Homecare Products,Homecare Products 6001-291 Combination Caulk Display Rack,A026401060,396.01,179.90,0
A023980833_Unbeatablesale_SPM13172254003_fbm,Eat-In,"Eat-In Rubbermaid Commercial Products  Locking Janitor Cart Cabinet, Yellow",A023980833,426.07,178.72,0
SPM8807856702_Unbeatablesale_SPM13195206803_fbm,Seahorse,Seahorse 920 Wheeled Case- Black,SPM8807856702,435.03,174.01,0
A108771247_10286837_SPM18248041904_fbm,AWP,awp 14 in. rolling tool bag | durable versatile rolling tool storage with easy carry handles & heavy-duty wheels | water-resi,A108771247,215.85,172.56,5.0
A105997696_10669618_SPM12665383316_fbm,Viper Tool Storage,Viper Tool Storage V2SPU 18G Steel Folding Side Shelf With Power Strip/Usb Purple,A105997696,171.65,171.65,0
A113517054_Unbeatablesale_SPM13485450303_fbm,Complementos,Complementos 4- Way Wedge Gas & 3 Point Tractor Drive Log Splitters,A113517054,339.14,143.19,0
SPM8720825602_Unbeatablesale_1_fbm,Luxor,Luxor EC11SP5-B 2-Tub Shelf Cart with 5 Casters&#44; Black,SPM8720825602,328.40,138.60,0
A115335276_ishopdirect_SPM9284680129_fbm,Makita,"Makita 821551-8 Interlocking Case, Large, 8-1/2"" x 15-1/2"" x 11-5/8""",A115335276,155.76,132.00,0
SPM2686633021_10286837_1_fbm,HMC Holdings LLC - Homak,"HMC Holdings LLC - Homak homak 20-inch industrial steel toolbox, brown wrinkle powder coat, bw00200200",SPM2686633021,161.32,129.01,0
A114366369_ishopdirect_SPM9274585429_fbm,DeWalt,"DeWalt TOUGHSYSTEM 2.0, Extra Large Tool Box, 22 in., 123 lbs. Capacity (DWST08400)",A114366369,159.28,127.42,0
A111945831_Unbeatablesale_SPM13302044403_fbm,TEL-O-POST,TEL-O-POST Herc Hercules Super Heavy Duty Jack,A111945831,268.68,122.55,0
A025161320_growkart_SPM14809739232_fbm,DeWalt,"DEWALT DG5472 Carpenter's Top Grain Leather Apron, 12 Pocket",A025161320,132.51,115.20,0
A114262741_Exacme_SPM13593704417_fbm,MCombo,"Mcombo 3 Tiers Metal Tool Cart for Garage, Utility Heavy Duty Cart with Anti-scratched Cloth, Lockable Wheels, Service Cart",A114262741,159.99,109.99,0
A056127782_growkart_1_fbm,Estwing,Estwing 94750 9-Pocket Full Leather Framer's Pouch,A056127782,125.37,109.00,0
A113312724_Unbeatablesale_SPM13466992503_fbm,Bbq Innovations,Bbq Innovations Simple Potting Bench - Console Table,A113312724,216.99,108.70,0
SPM10671807120_growkart_1_fbm,DeWalt,DeWalt Custom Leathercraft DEWALT DGC530 USB Charging Tool Backpack,SPM10671807120,118.12,102.71,0
A117524578_Unbeatablesale_SPM13626741103_fbm,Hot House Designs,Hot House Designs 1.75 in. Gunnar Low Profile Operator Belt - Black,A117524578,242.14,102.49,0
SPM8727672909_Unbeatablesale_1_fbm,Windline,Windline W-40 4.0 in. Dia. Marithane Wheel,SPM8727672909,219.06,101.80,0
SPM14749464528_VirVentures_1_fbm,ATD,ATD Tools 2-Tray Black Cart,SPM14749464528,163.59,96.23,0
A120863147_TekcomShopUSA_SPM13734507103_fbm,Great Choice Products,Great Choice Products 16 In. Tool Backpack Construction Home Auto Garage Diy Work Storage Tote,A120863147,100.79,89.99,0
00903752000P_Unbeatablesale_1_fbm,Homak,Homak RD00119819 19 Inch Red Metal High Toolbox with Black Metal Tray,00903752000P,198.58,87.13,0
SPM12469796730_ergode_1_fbm,Competition Electronics,Competition Electronics 541002 Indoor Light System Cei-4100,SPM12469796730,160.35,86.59,0
SPM7800960428_17086_1_fbm,CLC Work Gear,CLC Work Gear Clc 1164 Clc Work Gear   1164,SPM7800960428,90.99,86.38,0
SPM13432381319_Unbeatablesale_SPM13518839803_fbm,TZ Case,"TZ Case TC-03 SD Aluminum Tool & Accessory Case, Silver Dot - 6 x 13 x 18 in.",SPM13432381319,183.27,82.50,0
SPM11838087319_GlobalDiscountStore_1_fbm,Dead On,"Dead On DO-FR Framers Rig, 1 Size Fits All",SPM11838087319,145.22,78.42,0
00945581000P_10286837_1_fbm,Dickies,"dickies 18-inch durable canvas work bag for painters, carpenters, and builders, heavy-duty zipper, reinforced handles, exteri",00945581000P,97.58,78.02,4.5
A082465430_growkart_SPM14809740832_fbm,FASITE,"FASITE Backpack, Electrician Tool Bag, Laptop Compartment, Black,FASITE X516A",A082465430,83.88,74.85,0
00937519000P_Unbeatablesale_1_fbm,Homak,Homak RD00119200 19 Inch Red Metal Toolbox with Black Metal Tray,00937519000P,160.18,71.56,0
A113764038_Unbeatablesale_SPM13497646603_fbm,Zag Industries Usa,Zag Industries Usa Tstak 2 Drawer Toolbox,A113764038,140.77,68.87,0
SPM7800601328_10286837_1_fbm,URREA,"urrea 11-4/5""l x 6-1/3""w x 5-2/3""h metal tool box - heavy duty storage box with chrome plated metallic latch & durable pvc ha",SPM7800601328,84.37,67.47,0
A113357157_Unbeatablesale_SPM13473258903_fbm,Tool Time Corporation,Tool Time Corporation 3000 lbs Pallet Puller,A113357157,152.83,66.83,0
A113748447_Unbeatablesale_SPM13499777903_fbm,Reflectix,Reflectix 16 in. x 50 ft. R-3.7 to R-21 Reflective Radiant Barrier Foil Insulation Roll - 67 sq. ft.,A113748447,131.49,64.48,0
A112622887_Unbeatablesale_SPM13403622503_fbm,Petoskey,Petoskey Fb-P9833-48 Envelopes For Key Drop Box,A112622887,139.65,62.02,0
A109316933_10286837_SPM18247999204_fbm,Husky,husky 15 in tool bag,A109316933,73.92,59.12,0
A109319402_10286837_SPM18248004004_fbm,Denifiter,"Denifiter wrench tool roll bag, heavy duty waxed canvas multi-purpose tool organize bag with 6 zipper pockets ( khaki )",A109319402,72.28,57.81,0
A082468734_growkart_SPM14809588032_fbm,Occidental Leather,Occidental Leather 5053 Electrician's Pocket Caddy,A082468734,63.63,56.80,0
A114368417_ishopdirect_SPM9274581129_fbm,Akro-Mils,"Akro-Mils 10144, 44 Drawer Plastic Parts Storage Hardware and Craft Cabinet, 20-Inch W x 6.37-Inch D x 15.81-Inch H, Black",A114368417,66.37,56.73,0
A115126288_ishopdirect_SPM9283247929_fbm,Muray Creative,"Muray Creative 40-Pack Tool Box Organizer, Tool Drawer Organizers for Rolling Tool Drawers, Workbench and Cabinets, Tray Dividers Set for Tool",A115126288,64.16,52.59,0
A082466083_growkart_SPM14809742932_fbm,The Original Pink Box,"The Original Pink Box PB15TB 15-Inch Wide Mouth Soft Sided Multi-Purpose Bag with Zipper and Shoulder Strap, Pink",A082466083,58.17,51.93,0
SPM10144132320_FastMedia_1_fbm,Style N Craft,"Style n Craft 98439 3"" Wide Extra Long Tapered Work Belt in Top Grain Leather",SPM10144132320,95.22,51.42,0
A120149760_TekcomShopUSA_SPM13675959203_fbm,GCP Products,"GCP Products 13"" Tool Bag Pink Soft Cloth Tool Storage Bags Wide Mouth Tool Tote Bag",A120149760,53.27,47.99,0
A114326750_ishopdirect_SPM9273209229_fbm,Jobox,Jobox 10318-705 Lock Retainer Kit,A114326750,52.68,44.27,0
A111345287_Unbeatablesale_SPM13172007303_fbm,Sunex Tools Inc,Sunex Tools Inc Sunex SUNRSBKSL Tool Replacement Roller Bearing Drawer Slide Fits Carts,A111345287,84.86,40.40,0
00917630000P_growkart_1_fbm,Stalwart,"Stalwart 75-3182 Hawk 73 Compartment Durable Plastic Storage Tool Box, Red",00917630000P,46.18,46.18,0
SPM7427584528_ronshomeandhardware_1_fbm,Stanley,"Stanley DeWalt DWST88801 TSTAK Foam Insert, Fits TStak Storage System - Quantity 1",SPM7427584528,50.87,40.01,1.0
SPM9139518817_10286837_1_fbm,Makita,makita 831269-3 large lxt tool bag with wheel for cordless 18v,SPM9139518817,49.67,39.71,0
SPM7311679609_VirVentures_1_fbm,U-VIEW ULTRAVIOLET SYSTEMS,U-VIEW ULTRAVIOLET SYSTEMS UVIEW MULTI DYE BTL 8OZ SVCS,SPM7311679609,63.31,39.57,0
A088826275_ishopdirect_SPM9153544823_fbm,Longhai wujin,"Longhai wujin 39 Piece Tool Box Kit - Small Basic Home Tool Set with Plastic Toolbox - Great for College Students, Household Use",A088826275,44.17,36.81,0
SPM9820676413_10286837_SPM18247975204_fbm,Rothco,rothco mechanic tool bag - red,SPM9820676413,45.01,35.99,0
A109184160_FastMedia_SPM16238656424_fbm,Arlington,"Arlington Industries FLBRF101BR-1 Retrofit Electrical Floor Box with Flip Lids for Existing Floors, Dark Brown, 1-Pack",A109184160,64.08,34.60,0
SPM8253749702_17086_1_fbm,HUBBELL ELECTRICAL PRODUCTS,HUBBELL ELECTRICAL PRODUCTS Bell Outdoor Bell 5346-0 Bell Outdoor   5346-0,SPM8253749702,36.99,34.15,0
SPM9261440417_Unbeatablesale_1_fbm,Stalwart,Stalwart 75-7422 41 Compartment Hardware Storage Box,SPM9261440417,67.88,33.38,0
SPM4010191901_AmiVentures_1_fbm,Rothco,"Rothco G.I. Type Mechanics Tool Bag With Brass Zipper, Olive Drab",SPM4010191901,57.12,30.84,0
A046842985_10286837_SPM12914729904_fbm,Supkiir,Supkiir craftsman tool box keys cut from 8101 to 8150 two working keys for sears husky kobalt tool chest (8101),A046842985,34.04,27.23,0
A028962275_dealsonly_1_fbm,Universal Tool,Universal Tool 10 Pocket Tool Belt Pouch Heavy Duty Pink Suede Leather Fits Hammer And Nails,A028962275,39.99,25.00,0
SPM8639754231_10286837_1_fbm,TORIN,"torin big red 16"" portable steel tool box, red",SPM8639754231,28.96,23.13,0
A082466025_growkart_1_fbm,diodrio,"diodrio EDC Leather Pocket Organizer, Pocket Slip, Pocket Knife Pouch, EDC Carrier, with Pen Loop, Everyday Carry Organizers, Full",A082466025,21.61,20.54,0
A082465020_10286837_1_fbm,Makita,"makita heavy-duty 14"" contractor tool bag",A082465020,25.01,19.98,0
SPM8817239202_17086_1_fbm,CLC Work Gear,"CLC Work Gear Clc 1105 Clc Work Gear Tool Holster: 5 Pockets, Compatible with Tool Belts, Belt Clip, For 2 1/2 in Max Belt Wd  1105",SPM8817239202,21.99,19.66,0
SPM9799285632_10286837_1_fbm,Milton Industries,"Milton Industries milton (s-716) 1/4"" male npt m style (industrial) air fitting quick connect coupler red",SPM9799285632,9.88,7.89,0
00945799000P_growkart_1_fbm,Dickies,Dickies Work Gear 57018 Grey/Tan Small 3-Bag Combo,00945799000P,22.89,21.76,1.0
A039819337_Unbeatablesale_SPM13334555103_fbm,Montezuma,Montezuma BKM723016TC 72 x 30 in. 16 Drawer Tool Cabinet,A039819337,13093.48,5537.39,0
SPM12236673319_Unbeatablesale_SPM13521906903_fbm,Durham,"Durham SSC-722484-BDLP-264-95 14 Gauge Flush Style Lockable Double Door Storage Cabinet with 264 Yellow Hook on Bins, Gray - 72 in.",SPM12236673319,9402.30,4060.92,0
SPM8715740303_Unbeatablesale_SPM13521906803_fbm,Durham,"Durham SSC-722484-BDLP-264-1795 14 Gauge Flush Style Lockable Double Door Storage Cabinet with 264 Red Hook on Bins, Gray - 72 in.",SPM8715740303,9402.30,4060.92,0
A032415873_Unbeatablesale_SPM13121389703_fbm,GourmetGalley,"GourmetGalley 12 Gauge Recessed Door Style Lockable Cabinet with 240 Yellow Hook on Bins, Gray - 60 in.",A032415873,8907.33,3862.93,0
A120648739_Unbeatablesale_SPM13715129603_fbm,Codicilos,Codicilos 72 x 30 in. 10-Drawer Tool Chest,A120648739,6887.75,3055.10,0
SPM8812776803_Unbeatablesale_SPM13413791303_fbm,Weather Guard,Weather Guard Weatherguard 662-0-02 60.125 x 24 x 24 Aluminum Underbed Box,SPM8812776803,4476.23,1910.04,0
A111302988_Unbeatablesale_SPM13159090703_fbm,Gizmo,Gizmo 4-Drawer 30 in. Service Tool Box,A111302988,4291.18,1716.47,0
A088651074_Unbeatablesale_SPM13742113803_fbm,Little Giant,Little Giant 4786701 3600 lbs Shelf Truck&#44; 2 Lip Shelves - 30 x 60 in.,A088651074,3422.48,1668.99,0
SPM8482006227_growkart_1_fbm,SUNEX TOOLS,"SUNEX TOOLS Sunex 5720 Fully-Welded Manual Hydraulic Shop Press, 20 Tons",SPM8482006227,2025.85,1659.45,0
A028897261_Unbeatablesale_1_fbm,Homak,"Homak RD02054602 54 in. Pro 2 6-Drawer Top Chest, Red",A028897261,3122.38,1548.95,0
SPM8717282703_Unbeatablesale_SPM13516473003_fbm,Durham,"Durham 5006-30-5295 12 Guage Enclosed Shelving with 30 Blue Hook on Bins, Gray - 48 x 18 x 60 in.",SPM8717282703,3060.63,1524.25,0
A111351023_Unbeatablesale_SPM13173875003_fbm,ATD Tools,"ATD Tools ATD-70436 35 in. 6-Drawer Deluxe Service Cart, Black Matte Powder Coat",A111351023,2819.80,1427.92,0
A120152808_TekcomShopUSA_SPM13675961303_fbm,GCP Products,"GCP Products 46"" 9-Drawer Rolling Tool Chest Mobile Tool Storage Cabinet 1200Lbs Load",A120152808,1693.35,1387.99,0
SPM8264909731_10672516_1_fbm,Weather Guard,Weather Guard 655301 Steel All-Purpose Chest,SPM8264909731,1198.34,1198.34,0
SPM9133966702_Unbeatablesale_SPM13516434303_fbm,Durham,"Durham 1016SL-50 51 in. Flammable Storage Cabinets with Legs, Yellow - 16 gal",SPM9133966702,2013.68,1105.47,0
SPM8269049031_10672516_1_fbm,Weather Guard,Weather Guard 674501 Aluminum All-Purpose Chest,SPM8269049031,1094.16,1094.16,0
A076818747_Unbeatablesale_SPM13518000303_fbm,Jobox,Jobox 217-CJB637990 48 in. Heavy-Duty Trademan Chest Box,A076818747,1978.03,1091.21,5.0
A122087390_Unbeatablesale_SPM13821242303_fbm,Vortex,Vortex Gravity Flow Carton Rack Additional Level 96 x 96 in.,A122087390,1878.70,1051.48,0
A028897341_Unbeatablesale_1_fbm,Homak,"Homak RD02027052 27 in. Pro 2 5-Drawer Top Chest, Red",A028897341,1814.68,1025.87,0
A060872779_17086_1_fbm,Greenlee,"Greenlee 0159-28MULTI Greenlee Electricians Tool Kit: 26 Total Pcs, Tool Bag, 20 or more Pieces Range  0159-28MULTI",A060872779,988.99,946.25,0
A030989817_tengtools_SPM12860526730_fbm,Teng Tools,Teng Tools 4 Drawer 8 Series Roller Cabinet - TCW804N,A030989817,899.99,899.99,0
00923028000P_ronshomeandhardware_1_fbm,Jobox,"Jobox PAC1582000 Deep Truck Tool Box, Aluminum, Full Size - Quantity 1",00923028000P,1130.99,892.12,0
A121153503_Unbeatablesale_SPM13742085803_fbm,Kennedy Manufacturing,Kennedy Manufacturing B211569 26 in. 6-Drawer Mechanics Chest - Brown,A121153503,2057.32,861.98,0
A030990256_tengtools_SPM12860523930_fbm,Teng Tools,Teng Tools 5 Drawer 8 Series Deep Top Box - TC805NFX,A030990256,799.99,799.99,0
SPM8267003731_growkart_SPM14809501732_fbm,UWS,UWS TBC42 Chest Box,SPM8267003731,878.43,731.14,0
A115246271_Unbeatablesale_SPM13557452903_fbm,Tarter Farm & Ranch,Tarter Farm & Ranch B2000606 40 gal Galvanized Stock Tank - 53 x 23 x 13 in.,A115246271,924.08,669.63,0
A111681697_Unbeatablesale_1_fbm,Dee Zee,Dee Zee D37-8546TB Tread Black Red Chest Tool Box - Black,A111681697,1421.62,577.31,0
A113802407_Unbeatablesale_SPM13502886203_fbm,Pit Posse,Pit Posse 72 in. Overhead Cabinet&#44; Silver,A113802407,1225.60,543.68,0
A120155079_17086_SPM18416405704_fbm,CLC,CLC C-10,A120155079,561.99,537.14,0
A121915124_Unbeatablesale_SPM13809294303_fbm,Solid Shelving,Solid Shelving 66 Pack Fract Set,A121915124,1261.28,513.17,0
SPM7446606723_growkart_1_fbm,B&W International,"B&W International Jumbo 6700 Outdoor Tool Case with Pocket Tool Boards, Black",SPM7446606723,509.37,434.87,0
A113757876_Unbeatablesale_SPM13497685803_fbm,Seahorse,Seahorse 1220 Large Wheeled Case with Foam- Black,A113757876,1019.40,407.76,0
A021661145_Unbeatablesale_1_fbm,A R North America,A R North America 236756 2050 PSI Electric Pressure Washer,A021661145,953.74,397.69,0
A082466512_growkart_SPM14809743032_fbm,Veto,Veto Tech Pac MC (Compact Tech Pac),A082466512,455.16,388.62,0
A020602038_growkart_SPM14809503432_fbm,Southern Enterprise,Southern Enterprises Metal/Glass Sliding-Door Display Cabinet,A020602038,419.66,358.33,0
A111526733_Unbeatablesale_SPM13218313103_fbm,Cosco,"Cosco CSC66765DKG1E Steel Top Folding Bench, Gray",A111526733,836.65,348.67,0
A082466670_growkart_SPM14809500532_fbm,DNA Motoring,"DNA Motoring TBOX-T4-51-ALU-BK 60""(L) x 12""(W) x 15.5""(H) Aluminum Truck Storage Tool Box w/Lock & Keys",A082466670,403.22,344.30,0
02876019000P_shopeddies_1_fbm,Delta,Delta Lock-Down Portable Chests with baseplate,02876019000P,362.31,285.67,0
A106607560_10669618_SPM12669328416_fbm,Viper Tool Storage,"Viper Tool Storage V7220WTBB Viper Tool Storage 72"" X 20"" Wood Workbench Top",A106607560,285.26,285.26,0
SPM12403014106_10286837_1_fbm,Kennedy Manufacturing,"kennedy manufacturing k20b all-purpose tool box, 20"", brown wrinkle",SPM12403014106,321.11,274.24,0
SPM8791004802_growkart_SPM14809514632_fbm,FESTOOL,Festool 200118 Systainer SYS-Combi 3,SPM8791004802,306.73,261.97,0
A105461582_27977_SPM10167713021_fbm,ConvenienceBoutique,ConvenienceBoutique Workshop Storage Tools Table,A105461582,246.03,223.66,0
A121300418_TekcomShopUSA_SPM13746051503_fbm,Great Choice Products,Great Choice Products Rolling Tool Chest Storage Cabinet With 2 Doors &1 Drawer & Wheels For Garage,A121300418,248.59,219.99,0
A116274516_Unbeatablesale_SPM13591908703_fbm,GearWrench,GearWrench KDT-3774D 6 in. Digital SAE & Metric Brake Rotor Gauge,A116274516,528.93,219.34,0
A109330608_10286837_SPM18249473604_fbm,Makita,makita p-84327 makpac case 12 drawer,A109330608,250.22,213.75,0
A032734342_Unbeatablesale_SPM13458341503_fbm,Gizmo,Gizmo 450 lbs. Creeper Seat Tool Box,A032734342,481.08,201.67,0
A082467365_growkart_SPM14809737132_fbm,CablePhyle,CablePhyle Professional Cable File Bag CFB-03 - Cable & Accessories Organizer Gig Bag / Soft Case-CablePhyle,A082467365,227.00,197.22,0
A115586415_Unbeatablesale_SPM13568951003_fbm,Milwaukee,Milwaukee MWK3453-22 0.25 in. M12 Fuel Hex Impact Driver - Bare Tool,A115586415,475.16,193.95,0
A109330891_10286837_SPM18249471304_fbm,TORIN,torin atbd134b-red rolling garage workshop tool organizer: detachable 3 drawer tool chest with large storage cabinet and adju,A109330891,232.93,186.21,0
SPM8639845431_Unbeatablesale_SPM13374042303_fbm,CENTIPEDE,CENTIPEDE K200 Instant Setup Support XL Portable Work System,SPM8639845431,437.33,185.15,0
SPM7677818928_VirVentures_1_fbm,Sunex,SUNEX TOOLS MULTI-PURPOSE SERVICE CART,SPM7677818928,290.43,181.52,0
SPM8909485823_growkart_SPM14847869032_fbm,Milwaukee,MILWAUKEE ELEC TOOL 48-22-8210 HD Jobsite Tech Bag,SPM8909485823,199.84,173.65,0
SPM8674962509_BisonOffice_1_fbm,Luxor Furniture,Luxor Furniture Luxor XLC11-B two shelf heavy-duty utility cart,SPM8674962509,329.10,168.77,0
A116677457_Unbeatablesale_SPM13605780903_fbm,DeWalt,DeWalt 2030063 27 Pocket Black & Yellow Ballistic Nylon Tool Bag on Wheels Roller Tool Bag,A116677457,387.61,164.96,0
SPM11904780115_Unbeatablesale_1_fbm,FJC Inc,FJC Inc FJC 6850 R1234Yf Aluminum Manifold Gauge Set,SPM11904780115,364.75,145.90,0
A025499845_Unbeatablesale_SPM13142228603_fbm,TotalTurf,TotalTurf Brown 20 Inch 2 Drawer Friction Toolbox,A025499845,339.11,145.49,0
SPM7671849903_Unbeatablesale_1_fbm,Beta Tools,Beta Tools 021200001 C20-Five-Section Cantilever Tool Box,SPM7671849903,315.02,136.92,0
A059578666_Unbeatablesale_1_fbm,Intertape Polymer Group,Intertape Polymer Group 761-HF2031800-00 20.3Mi Hw4 Str Flex 18 in. X1500 in.,A059578666,306.60,128.61,0
A120941811_TekcomShopUSA_SPM13736796903_fbm,Milwaukee,Milwaukee Tool 48-22-8422 Packout Compact Tool Box,A120941811,143.50,126.99,0
A082469094_growkart_SPM14809786532_fbm,Akro-Mils,"Akro-Mils 30255 AkroBins Plastic Storage Bin Hanging Stacking Containers, (11-Inch x 16-Inch x 5-Inch), Clear, (6-Pack)",A082469094,146.02,126.93,0
A098202074_10286837_1_fbm,Husky,husky 16 in large mouth bag with tool wall,A098202074,156.01,124.77,0
A109330627_10286837_SPM18249472504_fbm,FESTOOL,festool sys3 tool box systainer 20x11x5,A109330627,155.24,124.15,0
A109331618_10286837_SPM18249467904_fbm,FESTOOL,festool 204844 systainer,A109331618,155.24,124.15,0
A121456494_Unbeatablesale_SPM13760515303_fbm,Vortex,Vortex 36 x 4.5 x 10 in. Dock Bumper - Black - 36in. W x 4.5in. D x 10in. H,A121456494,262.65,124.09,0
A114661263_ishopdirect_SPM9278222729_fbm,Arksen,Arksen 20 Inch Heavy Duty Aluminum Diamond Plate Tool Box Chest Box Pick Up Truck Bed RV Trailer Toolbox Storage with Side Handle and,A114661263,143.45,123.66,0
SPM8483839327_Unbeatablesale_1_fbm,Florida Pneumatic & Aircat,Florida Pneumatic & Aircat ACA6330 Replacement Nibbler,SPM8483839327,296.76,122.82,0
A119055921_TekcomShopUSA_SPM13652959903_fbm,Milwaukee,Milwaukee 48-22-8422 PACKOUT Heavy Duty Impact Resistant Compact Tool Box,A119055921,137.85,121.99,0
A114662415_ishopdirect_SPM9278227629_fbm,koxuyim,"koxuyim Under Cover Swing Case-Truck Bed Box , Truck Tool Storage Box container with lockable Lid &#239;&#188;&#140;Compati",A114662415,144.55,121.47,0
00937514000P_Unbeatablesale_1_fbm,Homak,Homak RD00202200 9.75 x 20.18 x 8.58 in. Industrial 2 Drawer Friction Toolbox - Red,00937514000P,273.52,119.90,0
00937511000P_Unbeatablesale_1_fbm,Homak,Homak BW00200240 24 Inch Professional Industrial Toolbox,00937511000P,270.64,117.85,3.0
A121957079_Unbeatablesale_SPM13814220903_fbm,Articulos Para El Hogar,Articulos Para El Hogar Three Drawer Rolling Cabinet&#44; Black,A121957079,263.31,116.32,0
00904491000P_10669618_1_fbm,Viper Tool Storage,"Viper Tool Storage V2448PBBL 48"" X 24"" Wall Mounted Peg Board, Black",00904491000P,116.23,116.23,0
SPM8484455702_growkart_SPM14809759232_fbm,DeWalt,"DEWALT DG5582 Electrical and Maintenance Tool Carrier & Parts Tray, 11 In., 23 Pocket",SPM8484455702,132.51,115.20,2.5
SPM8553405527_10286837_1_fbm,FESTOOL,festool fsk420-bag guide rail bag,SPM8553405527,136.39,109.10,0
SPM8639816331_10286837_1_fbm,Hilmor,"hilmor hvac/r tote, hvac bag for tools & equipment, black & green, ht 1839078",SPM8639816331,136.36,109.07,0
SPM299346401_growkart_1_fbm,Style N Craft,"Style n Craft 98-436, 8 Pocket Top Grain Nail and Tool Bag",SPM299346401,125.37,109.00,0
SPM7605585126_VirVentures_1_fbm,Devilbiss,Devilbiss SEAL KIT,SPM7605585126,184.30,108.41,0
089V002784983000P_10286837_1_fbm,EZ-Kut Products,EZ-Kut Products MADE BY ME ez kut products sling pack,089V002784983000P,134.69,107.74,0
A113894612_Unbeatablesale_SPM13507200203_fbm,tool,"tool 6 Door Storage Cabinet, Black",A113894612,216.97,105.22,0
A116352960_Unbeatablesale_SPM13596056603_fbm,GearWrench,GearWrench KDT-83151 20 in. 3-Drawer Tool Box&#44; Black,A116352960,245.42,102.53,0
A114325995_ishopdirect_SPM9273224329_fbm,HolsterBuilder,HolsterBuilder Universal Chest Rig and mounting Hardware,A114325995,120.43,102.06,0
A114367932_ishopdirect_SPM9274586129_fbm,Gator Clamps,Gator Clamps Toolbox Organizer - Tool Organizer Nail Organizers - Parts Case Storage Box - Screw Nuts and Bolt Electronic Component Storage,A114367932,126.09,100.87,0
A046842941_10286837_SPM12911145504_fbm,Akro-Mils,"akro-mils 96352a medium utility box plastic storage case for small parts, clear, 12-pack",A046842941,125.50,100.40,0
SPM9476232817_10286837_1_fbm,Yueton,"Yueton pfc 230-150-056-3sf plastic carrying case, 23"" x 15"" x 5 5/8"", black",SPM9476232817,121.81,97.37,0
A082469451_growkart_SPM14809755032_fbm,Veto,Veto Pro Pac TP3B,A082469451,108.98,97.22,0
SPM8909408223_ronshomeandhardware_SPM10871722520_fbm,DeWalt,"DeWalt DWST33090 Contractor Chest, 15-Gal. - Quantity 1",SPM8909408223,123.64,97.04,3.5
A120864942_TekcomShopUSA_SPM13734509303_fbm,Great Choice Products,Great Choice Products Connect 2-Drawer 13-Compartment Small Parts Organizer Portable Modular Storage,A120864942,108.63,96.99,0
MCR1638462812_Unbeatablesale_1_fbm,Mastercool,Mastercool 52224C Dual Laser Infrared Thermometer,MCR1638462812,221.24,96.05,0
A119062326_Unbeatablesale_SPM13653577903_fbm,C.H. Ellis,C.H. Ellis 87-6957 L500 Field Service Wing Tool Pallet,A119062326,215.69,95.61,0
SPM2375740014_Unbeatablesale_1_fbm,FJC Inc,FJC Inc FJC 6448 R134A 10 Ft. Hose Set With Manual Couplers,SPM2375740014,220.64,95.30,0
A114327273_ishopdirect_SPM9273218429_fbm,VEVOR,"VEVOR Liner Puller Cylinder Liner Puller, Diesel Engines Liner Puller Tool, Both Dry-Type and Wet-Type Fit Diameter of 75 mm-138 mm,",A114327273,108.66,93.67,0
SPM174644872_GlobalDiscountStore_1_fbm,Style N Craft,Style n Craft 70-603 10 Pocket Heavy Duty Oiled Top Grain Leather Electricians/Contractors Tool Pouch,SPM174644872,164.27,88.70,0
A114490488_ishopdirect_SPM9277966429_fbm,VEVOR,"VEVOR End Mill Dispenser Cabinet, Three-Drawer End Mill Dispenser, End Mill Organizer Cabinet Cold Rolled Steel, End Mill Dispenser O",A114490488,108.03,87.12,0
A115831743_Unbeatablesale_SPM13576530803_fbm,MDC,MDC ASO-611245 120 Minute Electronic Timer With Knob,A115831743,199.94,84.60,0
A090499455_growkart_SPM14847870732_fbm,Commercial Plastics,"Commercial Plastics Step N Store, Step Stool Tool Box 20""",A090499455,93.47,83.40,0
A030316417_Unbeatablesale_SPM13195230703_fbm,Seahorse,Seahorse 85 Micro Case- Yellow,A030316417,208.40,83.36,0
A110161727_AmiVentures_SPM9996957802_fbm,Arlington,"Arlington NMLT5-25 SNAP2IT Straight Connector for Liquid-Tight Conduit, Push-On Installation, 1/2-Inch, Non-Metallic, 25-Pack",A110161727,146.57,79.15,0
A115599470_Unbeatablesale_SPM13569591403_fbm,Lisle,Lisle LS28800 Digital Test Light Digital Circuit Testers with Load,A115599470,184.70,76.97,0
A114326721_ishopdirect_SPM9273215729_fbm,TOPOWN,"TOPOWN Spray Paint Racks, door painting stand, Paint Drying Rack, racks painting doors, Trim/Kitchen Cabinet door stands for painting,",A114326721,94.13,76.53,0
SPM7438588603_34534_1_fbm,WILMAR,WILMAR PERFORM TOOL 60404 Tire Inflator,SPM7438588603,76.20,76.20,0
A108771312_10286837_SPM18248010204_fbm,AWP,awp extreme tool backpack | rugged polyester jobsite backpack with waterproof molded base & padded shoulder and waist straps ,A108771312,95.18,76.10,4.5
A120402939_Unbeatablesale_SPM13691544703_fbm,Adenda,Adenda I-Series Waterproof Case with Cubed Foam,A120402939,170.23,73.27,0
SPM2034528701_growkart_1_fbm,Style N Craft,Style n Craft 90-926 10 Pocket Nail and Tool Pouch In Top Grain Oiled Leather,SPM2034528701,80.63,71.95,0
A109321050_10286837_SPM18248017004_fbm,qiaolianqiao,"qiaolianqiao esd 15.7inch 40cm*35cm*15cm anti-static clear pvc backpack ,cleanroom engineer tool bag full cover pvc for put computer tool ",A109321050,87.60,70.05,0
A107172231_dealsonly_SPM14904145519_fbm,Tooltreaux,"ToolTreaux Heavy Duty 13 Pocket Leather Tool Belt with 2 Steel Hammer Loops, Black Brown",A107172231,79.99,69.99,0
SPM9180983617_10672602_1_fbm,Sainty,Sainty SNTY79332 Houston Texans 16 in. NFL Tool Box,SPM9180983617,69.43,69.43,0
A116499931_Unbeatablesale_SPM13598628203_fbm,TotalTools,TotalTools Truck Tire Wheel Step,A116499931,141.59,68.09,0
00945820000P_10286837_1_fbm,Dickies,"dickies 12-inch durable canvas tool tote bag organizer, 12 exterior pockets, 16 tool loops, grey/tan",00945820000P,81.43,65.12,4.5
A109332347_10286837_SPM18249476404_fbm,Big Red,"big red 18"" tool box,portable steel / metal locking toolbox organizer with 5 cantilever tool trays,antbc-128r,red",A109332347,79.24,63.37,0
SPM8710949414_Unbeatablesale_1_fbm,OTC ROBINAIR BOSCH,OTC ROBINAIR BOSCH RA75234 Econo-Clean 3-Way Heavy-Duty Truck Coolant Test Strip,SPM8710949414,139.62,63.15,0
00935885000P_Unbeatablesale_1_fbm,Homak,Homak RD00120004 20 in. Metal & Plastic Hand Carry Tool Box with Aluminum Handle - Red,00935885000P,136.79,62.07,1.0
SPM8788705614_growkart_1_fbm,UNCLEMIKES,"UNCLEMIKES Uncle Mike's Law Enforcement Mirage Basketweave Ultra Duty Belt with Hook and Loop Lining (Medium, Black)",SPM8788705614,68.45,61.10,0
SPM8639787131_10286837_1_fbm,Durham,"durham 115-95-ind gray cold rolled steel individual large scoop box, 18"" width x 3"" height x 12"" depth, 12 compartment",SPM8639787131,74.14,59.30,0
A110974963_Unbeatablesale_SPM13114287203_fbm,TotalTurf,TotalTurf Trademark ToolsT Stackable Mobile Tool Box with Wheels,A110974963,123.94,59.06,0
A119552646_TekcomShopUSA_SPM13661851903_fbm,GCP Products,GCP Products Storage Bins Parts Rack 30Pc Garage Plastic Shop Tools Wall Mounted Gift,A119552646,62.71,55.99,0
A101265598_ronshomeandhardware_1_fbm,STANLEY CONSUMER TOOLS,"STANLEY CONSUMER TOOLS Stanley STST24113 Tool Box, 24 In. - Quantity 1",A101265598,68.96,54.24,3.5
A046024840_growkart_SPM14809587932_fbm,Leather Gold,"Leather Gold Leather Electrician Tool Pouch, Brown | Professional Tool Belt 3400",A046024840,60.52,54.03,0
00945830000P_growkart_1_fbm,Dickies,Dickies 57047 14-Inch Painter's Work Bag,00945830000P,60.16,53.71,5.0
A114366566_ishopdirect_SPM9274587329_fbm,Boltster,Boltster | Silicone Bolt and Bit Fastener Organizer | Flexible Rubber Tool Pad,A114366566,62.19,52.26,0
00919921000P_10286837_1_fbm,VIM Tools,vim tools nsm100 12-piece metric power drive nut setter with magnetic and hollow point drivers,00919921000P,65.17,52.13,0
A120277638_TekcomShopUSA_SPM13679220203_fbm,Great Choice Products,"Great Choice Products Pliers Organizer Rack With 14 Slots Fit Most Pliers,Mountable Pliers Tool Box",A120277638,58.23,51.99,0
SPM11320383330_10286837_1_fbm,Performance Tool,performance tool w88987 17-inch jumbo tool bag,SPM11320383330,64.35,51.48,0
A098202838_growkart_1_fbm,HAUTMEC,"HAUTMEC 16 Pockets Wide Mouth Electrician Open Top Tool Tote Bag, 16 Inch One Shoulder Strap Heavy Duty electrician Tool",A098202838,57.45,51.29,0
A082584569_10286837_1_fbm,McGuire-Nicholas,"mcguire-nicholas 22015 15-inch collapsible tote, 1 pack",A082584569,63.95,51.16,0
A113191817_Unbeatablesale_SPM13456010003_fbm,Shop Tuff,Shop Tuff STF-300TD 25 in. Tire Dolly,A113191817,113.31,50.58,0
00915714000P_Unbeatablesale_1_fbm,Vim Products,Vim Products VIMV444 4 20-Clip Rails Socket Tray,00915714000P,90.44,47.09,0
A113322199_Unbeatablesale_SPM13470863003_fbm,Cromo,Cromo 40 x 21.25 x 4.75 in. Slim Storage Cabinet Organizer 4 Shelf Rolling Pull Out Cart Rack Tower with Wheels&#44; White,A113322199,96.55,46.61,0
A121992098_Unbeatablesale_SPM13816005503_fbm,Vortex,Vortex 16 in. AWP TrapJaw Tool Bag,A121992098,105.77,46.05,0
A013166770_winado_SPM10748322208_fbm,Winado,Winado 170lbs Cart Folding Dolly Truck Hand Collapsible Trolley Luggage Aluminium Red,A013166770,45.99,45.99,0
SPM8871185223_10286837_1_fbm,Makita,"makita 831271-6 21"" x 12"" contractor tool bag",SPM8871185223,56.55,45.21,0
A109317751_10286837_SPM18247986504_fbm,Denifiter,"Denifiter heavy duty waxed canvas tool roll, sturdy and waterproof (khaki)",A109317751,56.25,44.97,0
A112814343_Unbeatablesale_SPM13434320103_fbm,Hot House Designs,Hot House Designs The Sub ToolBag,A112814343,91.09,44.06,0
A103780191_winado_1_fbm,Winado,"Winado 5 Gallon Petrol Jerry Can with Spout, 20L 0.6mm Cold Rolled Steel Fuel Container Caddy Tank, for Emergency Backup (Green)",A103780191,43.99,43.99,0
A109320518_10286837_SPM18247994804_fbm,Raynesys,"raynesys garden tool tote bag, gardening tool bag organizer with pockets & handle, 900d heavy duty garden storage bag with lo",A109320518,53.77,42.99,0
A109331017_10286837_SPM18249485304_fbm,Intertool,"intertool multi-purpose toolbox, 13 compartments, portable storage case, protective container with secure locks, black and re",A109331017,53.77,42.99,0
A028294758_10286837_1_fbm,ProLock,"prolock durable 14-inch cable bag for extention cord storage and organization, six pockets, two interior hook and loop straps",A028294758,53.77,42.99,5.0
A109320819_10286837_SPM18247979504_fbm,Denifiter,"Denifiter heavy duty 16oz waxed canvas wrench roll up bag, multi-purpose tool pouch for metric, sae (black)",A109320819,53.75,42.97,0
A082467884_Buckeyetoolsupply_1_fbm,Worx,WORX Large Zippered Tool Tote # WA0079,A082467884,42.49,42.49,5.0
A056127762_growkart_1_fbm,Estwing,Estwing 94754 2-Compartment Hammer Holder,A056127762,36.97,33.59,0
SPM8714936903_10286837_1_fbm,Durham,"durham 226-95-ind gray cold rolled steel individual small empty metal shell, 13-3/8"" width x 2"" height x 9-1/4"" depth",SPM8714936903,52.50,41.97,0
SPM8717862603_10286837_1_fbm,Durham,"durham 213-95-ind gray cold rolled steel individual small scoop box, 13-3/8"" width x 2"" height x 9-1/4"" depth, 8 compartment",SPM8717862603,52.27,41.79,0
SPM7704781203_Unbeatablesale_1_fbm,Presco,"Presco PECFLAGWHITE 16 x 300 ft. Surveyors Tape Flag, White",SPM7704781203,86.25,41.26,0
A082469140_growkart_1_fbm,Husky,"Husky 82003N11 18"" Water-Resistant Contractor/DIY Tool Bag with Shoulder Strap",A082469140,45.33,41.18,0
SPM10233610418_GlobalDiscountStore_1_fbm,Rothco,"Rothco Canvas Jumbo Tool Bag with Brass Zipper, Olive Drab",SPM10233610418,76.17,41.13,0
SPM10233610418_FastMedia_1_fbm,Rothco,"Rothco Canvas Jumbo Tool Bag with Brass Zipper, Olive Drab",SPM10233610418,76.17,41.13,0
A114366392_ishopdirect_SPM9274584629_fbm,Akro-Mils,"Akro-Mils 09514 ProBox 14-Inch Plastic Toolbox for Tools, Hobby or Craft Storage Toolbox with Removable Tray, 14-Inch x 8-Inch x 8-Inch,",A114366392,47.59,41.03,0
SPM7800619428_17086_1_fbm,Platt,"Platt 207 Platt Protective Case: 6 in x 9 1/2 in x 2 3/4 in Inside, Flat/Pick and Pack, Black, Stationary  207",SPM7800619428,42.99,39.97,0
A120880379_Unbeatablesale_SPM13735042103_fbm,212 Main,212 Main B40-023 Durhand Pegboard & Shelf Tool Organizer with 50 Hooks - 54 Piece,A120880379,80.80,38.32,0
SPM8639776031_FastMedia_1_fbm,Durham,"Durham 202-95-IND Gray Cold Rolled Steel Individual Small Scoop Box, 13-3/8"" Width x 2"" Height x 9-1/4"" Depth, 24 Compartment",SPM8639776031,70.40,38.02,0
A098200732_10286837_1_fbm,Hztyyier,Hztyyier small parts organizers parts storage box organizer plastic heavy duty two-layer storage case with 11x compartments slots for ,A098200732,47.39,37.89,0
A090246743_10286837_1_fbm,Utoolmart,"utoolmart 12-inch tool box, plastic tool box with removable tool tray,organizer and storage for tools,parts,toys, art 12 x 5.",A090246743,46.82,37.44,0
A082468550_growkart_SPM14809745532_fbm,Home Innovation,"Home Innovation Super Large Tool Roll Pouch Bag, Big Zipper Wrench Tool Roll Up Bag with Adjustable Strap, Tool Organizer Carrier Bag - 4",A082468550,40.93,37.19,0
A114661316_ishopdirect_SPM9278225629_fbm,Onesnt,"Onesnt Truck Tool Box Mounting Kit No Drill, Upgraded Pickup Truck Bed Tool Box Tie Downs, Aluminum Alloy J Hook Crossover Toolbox Cla",A114661316,42.33,36.81,0
A099703702_ishopdirect_SPM9175552523_fbm,Makitoyo,"Makitoyo Double Side Tools Organizer, Customizable Removable Plastic Dividers, Hardware Box Storage, Excellent for Screws,Nuts,Small Par",A099703702,45.25,36.79,0
SPM732429014_growkart_SPM14809590832_fbm,ERGODYNE,"ERGODYNE Arsenal 5870 Tool Roll-Up Pouch, 25-Pockets, Polyester, Gray",SPM732429014,39.61,35.99,0
00933290000P_10464697_1_fbm,Virax,Virax Heavy-Duty Soft-Sided Tool Carrier,00933290000P,93.55,35.60,0
SPM6481101307_Unbeatablesale_1_fbm,Gates,Gates 6824 24 x 0.5 in. PoweRated V-Belt,SPM6481101307,55.80,34.23,0
A121189592_Unbeatablesale_SPM13742872903_fbm,WILMAR,WILMAR PMW7701 16 in. Power Tool Storage Rack,A121189592,69.73,34.00,0
A109329146_10286837_SPM18249486104_fbm,Fdit,Fdit plastic heavy-duty tool storage box two-layer components storage case organizer small parts tool box,A109329146,41.19,32.94,0
A111351588_Unbeatablesale_SPM13173904803_fbm,ATD Tools,ATD Tools 8763 Large Rectangular Magnetic Tool Holder,A111351588,55.57,32.45,0
SPM11228579319_17086_1_fbm,CLC,"CLC Work Gear Clc I823X Clc Work Gear Tool Pouch: 8 Pockets, Compatible with Belt/Hammer/Nail Sets/Pencils/Pliers, Belt Slot, Open Top  I823X",SPM11228579319,33.99,31.92,0
A082469247_growkart_SPM14809747432_fbm,Hense,Hense Heavy Duty 16 oz. Canvas Tool Bags with Metal Zippers Multi Purpose Waterproof Smart Storage Pouches Everyday Utility Tool,A082469247,34.98,31.79,0
SPM8685897903_17086_1_fbm,Allegro,"Allegro Industries Allegro 7103-02 Allegro Industries Knee Pads: Flex, 2 Straps, Nylon/Rubber, Universal Elbow and Knee Pad Size, Black, 1 PR  7103",SPM8685897903,33.99,31.50,0
A109331516_10286837_1_fbm,OEMTOOLS,"oemtools small parts organizer, 6 compartments, removable dividers, tool box organizer",A109331516,38.75,30.99,0
A028323900_ergode_SPM13448359817_fbm,O2Cool,"O2Cool O2 Cool Fan 8 inch Battery or Electric Operated Indoor/Outdoor Portable Fan with AC Adapter, Tilts 90 Degrees",A028323900,57.12,30.84,0
SPM10579756919_Unbeatablesale_1_fbm,K Tool International,K Tool International KTI76000 Wire Tie Tightening Tool,SPM10579756919,52.77,30.37,0
SPM9476087717_growkart_SPM14809734732_fbm,Stanwood Bonsai Tool,Stanwood Bonsai Tool 10-Pocket Case Heavy Duty Tool Roll,SPM9476087717,32.94,29.94,0
SPM12258557116_17086_1_fbm,Milwaukee,Milwaukee Hand Trucks 37280 Milwaukee 72 In. W. x 80 In. L. Multipurpose Moving Blanket 37280,SPM12258557116,31.99,29.75,0
A088826164_ishopdirect_SPM9153546323_fbm,Keys22,"Keys22 Pair of 2 new Keys for Craftsman, Sears, Kobalt, Husky, Tool Boxes. Key Code Series 8001 To 8225.Replacement Key pre Cut to Cod",A088826164,33.43,29.07,0
SPM8495350602_growkart_SPM14809513132_fbm,FESTOOL,"Festool 500067 Medium Boxes for Sys-Storage Systainer, 4-Pack",SPM8495350602,31.69,28.80,0
A109329649_10286837_SPM18249478404_fbm,VGEBY1,"vgeby1 outdoor shockproof box, waterproof plastic dry storage box for small tools carrying(l-orange)",A109329649,35.98,28.78,0
A023093887_growkart_SPM14809720532_fbm,Shaf International,Shaf International SH615S Black Large PVC Tool Bag,A023093887,31.57,28.69,0
SPM10950167425_Unbeatablesale_1_fbm,Mayhew Tools,Mayhew Tools Mayhew Steel Products 3/8 Shake & Brake Pneumatic 37315,SPM10950167425,54.38,28.16,0
A115700245_Buckeyetoolsupply_SPM13746748317_fbm,Craftsman,Craftsman CMCK600D2 Genuine OEM Replacement Tool Bag # N575695,A115700245,27.99,27.99,0
SPM11905092915_17086_1_fbm,Ken Tool,"Ken Tool Ken-Tool 30512 Ken-Tool Euro Style Lube Brush: Euro Style Lube Brush, Wood, 11 in Overall Lg, 1 1/2 in Overall Wd  30512",SPM11905092915,29.99,27.95,0
SPM8819192332_Unbeatablesale_SPM13313933803_fbm,Allegro,Allegro 2025 Full Mask Storage Bag,SPM8819192332,52.31,27.62,0
A011213549_growkart_1_fbm,Style N Craft,"Style n Craft 98450 Pliers and Hammer Holder in Heavy Top Grain Leather, Dark Tan",A011213549,29.24,26.58,0
SPM8263020331_shopeddies_SPM8263020331_fbm,Bolt,Bolt 692917 Replacement Lock Cylinder for Bolt Toolbox Retrofit Kit #7022698,SPM8263020331,33.34,26.29,0
A112555208_Unbeatablesale_SPM13393235003_fbm,Eat-In,Eat-In Mr. Heater  Inc.  Portable Forced Air Kerosene Heater Filter Kit,A112555208,48.00,26.13,0
A111780663_Unbeatablesale_SPM13268384803_fbm,ZENDEX TOOL,ZENDEX TOOL UT5263-WB 4 in. Wheel & Bearing for 6313,A111780663,53.44,25.54,0
SPM14421303419_dealsonly_SPM14915377819_fbm,Universal Tool,Universal Tool 10 Pocket Tool Belt Pouch Heavy Duty Black Suede Leather Fits Hammer And Nails,SPM14421303419,39.99,25.00,0
00904579000P_Unbeatablesale_1_fbm,Dickies,Dickies Js  Products 57012 Dickies Mini Mug Organizer,00904579000P,47.71,24.46,3.5
A041947160_Buckeyetoolsupply_SPM13744684217_fbm,Craftsman,Craftsman Drill Genuine OEM Replacement 12 x 9 Inch Tool Bag # N575694,A041947160,23.95,23.95,0
SPM16505992807_Unbeatablesale_1_fbm,Gates,Gates 6836 36 x 0.5 in. PoweRated V-Belt,SPM16505992807,48.78,23.88,0
SPM7216443009_growkart_1_fbm,Blackhawk,"BLACKHAWK! TRSR BLT 44B1LGBK W/HOOK LG38""-42"" BLACK - 1.5"" WIDTH",SPM7216443009,24.89,23.66,0
A082468201_10274170_1_fbm,Husky,Husky Bucket Jockey,A082468201,21.99,21.99,0
SPM7800956928_growkart_1_fbm,Dickies,Dickies Work Gear 57065 Black Tool and Box Cutter Sheath,SPM7800956928,22.89,21.76,5.0
SPM8816140002_Unbeatablesale_SPM13175820603_fbm,Ernest,"Ernest ERN8405 18 in. Socket Organizer with 0.5 in. TwistLock Clips, Blue",SPM8816140002,38.07,21.45,0
A025206913_dealsonly_SPM14547901219_fbm,ASR Outdoor,"ASR Outdoor 11"" Nylon Utility Belt and Pouch",A025206913,24.99,20.99,0
SPM8819150702_17086_1_fbm,CLC,CLC DRL91 Custom Leathercraft 45 Degree Cordless Drill Holster DRL91,SPM8819150702,22.99,20.93,0
A082578381_growkart_1_fbm,diodrio,"diodrio EDC Leather Pocket Pouch, Knife Organizer Pouch, Pocket Slip, EDC Carrier, with Pen Loop, Everyday Carry Organizers, Full",A082578381,21.61,20.54,0
A046842884_10286837_1_fbm,Wadoy,"Wadoy tool bench hardware 9-compartment plastic storage case, pack of (4)",A046842884,25.65,20.49,0
A082466248_growkart_SPM14809597332_fbm,DIFFLIFE,DIFFLIFE Expanding File Folder with Handle,A082466248,21.31,20.26,0
A115033614_Unbeatablesale_1_fbm,DeWalt,DeWalt 109419 12.5 x 1.5 in. Shallow Interlocking Organizer Foam&#44; Black,A115033614,40.34,19.40,4.0
SPM6575320505_17086_1_fbm,Akro-Mils,"Akro-Mils 05805 Akro-Mils® Plastic Storage Case, 15 Compartments, 11""L x 2 3/8""H x 7""W, 1/Each",SPM6575320505,19.99,18.78,0
00934897000P_10286837_1_fbm,Mag-Clip,"Mag-Clip Triton Products magclip - mc72441 triton products 72441 1/4-inch power pegs for power mat, socket caddy or magnetic strip, 10-pack red",00934897000P,23.31,18.62,0
00933931000P_17086_1_fbm,Hansen,Hansen 1402 Hansen   1402,00933931000P,19.99,18.40,4.0
SPM6151686001_Unbeatablesale_1_fbm,MBL CORPORATION,MBL CORPORATION 3L370A 0.37 x 37 in. Utility V-Belt,SPM6151686001,32.33,17.43,0
SPM8253303902_17086_1_fbm,THOMAS & BETTS,THOMAS & BETTS Carlon B355R Carlon 3-Gang PVC Molded Old Work Box B355R,SPM8253303902,17.99,16.60,0
SPM6072243305_Unbeatablesale_1_fbm,Ernst,Ernst Manufacturing ERN6012 Red 20 Tool Wrench Rail Organizers,SPM6072243305,33.00,16.38,0
SPM17339536007_AmiVentures_1_fbm,Mayhew,Mayhew Tools Mayhew Pro 25077 3/8-Inch Knurled Brass Drift Punch,SPM17339536007,30.20,16.31,0
SPM7647185023_17086_1_fbm,CARLON,Carlon BH353A Carlon SuperBlue 3-Gang Thermoplastic Molded Wall Box BH353A,SPM7647185023,17.99,15.85,0
SPM8254754802_Unbeatablesale_1_fbm,RACO,RACO 160 J Bracket Octagon Box - 4 x 1.5 in. Deep,SPM8254754802,27.09,15.52,0
SPM11629003415_Unbeatablesale_1_fbm,Lisle,Lisle 31140 2 3 in. Flexible Retrieving Tool,SPM11629003415,30.12,15.30,0
SPM2373553514_growkart_1_fbm,Eppco,"EPPCO Enterprises 1860 12"" x 72"" Drawer Liner",SPM2373553514,15.06,14.32,0
SPM2426226214_Unbeatablesale_SPM13153514103_fbm,WILMAR,WILMAR W1254 3.5 lbs Pocket Magnetic Retriever,SPM2426226214,23.10,12.33,0
SPM9799268532_miltonindustries_1_fbm,Milton Industries,"Milton Industries S-1805 3/8"" FNPT P Style Coupler",SPM9799268532,10.00,10.00,0
A046843138_10286837_SPM12910852104_fbm,Larin,"larin mtb-16r red 16"" metal tool box",A046843138,99.81,79.80,0
SPM8685745203_Unbeatablesale_SPM13744009503_fbm,Vestil,Vestil TM-40-AC AC Powered Tilt Master- 4000 lbs,SPM8685745203,16981.55,7092.62,0
A121236214_Unbeatablesale_SPM13745048003_fbm,Vestil,Vestil AHLT-4872-3-43 Air-Hydra Scissor Lift Table&#44; 42 x 72 in. - 3000 lbs,A121236214,16725.35,6990.14,0
SPM8666659803_Unbeatablesale_SPM13163691803_fbm,Beta Tools USA,Beta Tools USA 024003077 C04 TSS-7 Mobile Roller Cab 7 Drawers,SPM8666659803,15194.03,6124.73,0
SPM5896948207_Unbeatablesale_1_fbm,Jet,Jet 123555 Planer & Jointer Combination Machine - 12 in.&#44; Model No. JJP-12,SPM5896948207,12754.95,5401.98,0
A026199910_Unbeatablesale_SPM13521580803_fbm,GourmetGalley,"GourmetGalley 12 Gauge Recessed Door Style Lockable Ventilated Cabinet with 54 Red Hook on Bins, Gray - 60 in.",A026199910,9427.68,4071.07,0
SPM8715680403_Unbeatablesale_SPM13154803403_fbm,Durham,"Durham SSC-722484-BDLP-264-5295 14 Gauge Flush Style Lockable Double Door Storage Cabinet with 264 Blue Hook on Bins, Gray - 72 in.",SPM8715680403,9402.30,4060.92,0
A026196882_Unbeatablesale_SPM13523321603_fbm,GourmetGalley,GourmetGalley 14 Gauge Flush Style 12 Door Shelves Lockable Cabinet with 72 Yellow Hook on Bins & Adjustable Shelf & 4 Drawers&#44; Gray - 48,A026196882,8393.15,3657.26,0
A026194692_Unbeatablesale_SPM13523321503_fbm,GourmetGalley,GourmetGalley 14 Gauge Flush Style 12 Door Shelves Lockable Cabinet with 72 Blue Hook on Bins & Adjustable Shelf & 4 Drawers&#44; Gray - 48 in,A026194692,8393.15,3657.26,0
A026197103_Unbeatablesale_SPM13121386703_fbm,GourmetGalley,GourmetGalley 14 Gauge 12 Door Shelves Lockable Cabinet with 72 Blue Hook on Bins & 1 Adjustable Shelf & 4 Drawers&#44; Gray - 48 x 24 x 72 in,A026197103,8373.70,3649.48,0
A121897248_Unbeatablesale_SPM13807110803_fbm,BeautyBlade,BeautyBlade Steel Smokers Shelter with Clear Front Panel & Wooden Bench Rail - 120 x 96 x 91 in.,A121897248,8281.75,3612.70,0
SPM8685899703_Unbeatablesale_SPM13313944203_fbm,Allegro,Allegro 9215-03 Three-Worker Half Mask System Hose- 100 ft.,SPM8685899703,9010.32,3610.23,0
A020638531_Unbeatablesale_SPM13553319203_fbm,Homak,"Homak BK04021720 72 in. H2Pro Series 21 Drawer Rolling Cabinet, Black",A020638531,7673.68,3369.47,0
A026201234_Unbeatablesale_SPM13121410903_fbm,GourmetGalley,GourmetGalley 14 Gauge 12 Door Shelves Lockable Cabinet with 52 Blue Hook on Bins & 1 Adjustable Shelf & 4 Drawers&#44; Gray - 36 x 24 x 72 in,A026201234,7490.18,3296.07,0
A121168434_Unbeatablesale_SPM13742253303_fbm,Extreme Tools,Extreme Tools EXTEX4106TCSBLBK 41 in. 6 Drawer Slide Top Tool Cart - Blue,A121168434,7328.45,3231.38,0
SPM7672299903_Unbeatablesale_SPM13163701303_fbm,Beta Tools,Beta Tools 039390001 C39 SM-O-Special Mobile Roller Cab - Small,SPM7672299903,7983.15,3202.27,0
SPM8717977903_Unbeatablesale_SPM13154803103_fbm,Durham,"Durham SJC-BDLP-192-5295 14 Gauge Deep Style Lockable Double Door Cabinet with 192 Blue Hook on Bins, Gray - 48 in.",SPM8717977903,6979.40,3091.76,0
A121947850_Unbeatablesale_SPM13813788303_fbm,House,House 41 in. 6 Drawer Slide Top Tool Cart - Red,A121947850,6938.30,3075.32,0
